rank,code,name,market,mktcap,sector,close,stop,trend_score,pattern_score,volume_score,supply_score,risk_score,total_score,risk_pct,bbw_pct,adx,setup,ma20,ma60,bb_upper,door_knock,squeeze,trigger_score,liq_score,foreign_consec_buy,foreign_net_5d,inst_net_5d,scan_date,chunk,keywords,news_count
1,199430,케이엔알시스템,KOSDAQ,355236788900,기타,32300.0,29716.0,22.0,25.0,20.0,5,9.0,81.0,8.0,8.403361344537815,22.00826936109841,B,26932.5,25938.0,32417.45462030109,True,True,25.0,20.0,1,2464230500.0,-30200.0,2026-01-19 14:02,2,,0
2,035510,신세계 I&C,KOSPI,238374345000,기타,17050.0,15310.0,20.0,23.0,20.0,9,5.0,77.0,10.205278592375366,6.722689075630252,29.632747181694832,C,16504.5,16602.2,17802.707335420804,True,True,23.0,20.0,2,1565248260.0,497567500.0,2026-01-19 14:02,2,,0
3,007690,국도화학,KOSPI,322276953600,기타,34800.0,31300.0,20.0,20.0,15.0,15,5.0,75.0,10.057471264367816,5.882352941176471,21.618101921485728,R,33142.5,32437.0,34975.59302466398,True,True,20.0,15.0,5,449638700.0,599676100.0,2026-01-19 14:02,2,,0
4,000490,대동,KOSPI,291727873800,기타,10120.0,9200.0,18.0,20.0,16.0,12,7.0,73.0,9.090909090909092,3.361344537815126,18.919530431455797,R,9670.5,9571.2,10145.872995952595,True,True,20.0,16.0,3,973407030.0,25676880.0,2026-01-19 14:02,2,,0
5,290740,액트로,KOSDAQ,211868481550,기타,21050.0,19366.0,25.0,15.0,18.0,4,9.0,71.0,8.0,100.0,51.604717882219504,B,17522.5,10988.6,21557.726850558465,True,False,15.0,18.0,0,-3372410050.0,3882782800.0,2026-01-19 14:02,2,,0
6,338840,와이바이오로직스,KOSDAQ,413602707250,기타,27250.0,25070.0,20.0,20.0,15.0,5,9.0,69.0,8.0,14.285714285714286,16.168218185455046,R,24575.0,24452.0,28356.64668212607,True,True,20.0,15.0,2,4766622050.0,-2085749700.0,2026-01-19 14:02,2,,0
7,244920,에이플러스에셋,KOSPI,248232469140,기타,10980.0,10101.6,23.0,10.0,12.0,15,9.0,69.0,8.0,100.0,25.530159501254825,-,9609.5,8582.2,11117.270039585632,True,False,10.0,12.0,5,6111463780.0,620386000.0,2026-01-19 14:03,2,,0
8,054210,이랜텍,KOSDAQ,257970342000,기타,10200.0,9384.0,19.0,14.0,18.0,8,9.0,68.0,8.0,7.563025210084033,22.100883958243873,A,8739.5,8953.6,9891.36504423562,False,True,14.0,18.0,4,3965202290.0,-5338650.0,2026-01-19 14:02,2,,0
9,054450,텔레칩스,KOSDAQ,243064939650,기타,16050.0,14500.0,25.0,10.0,20.0,5,7.0,67.0,9.657320872274143,100.0,53.31630570649509,-,14910.0,13434.0,16306.590422406334,True,False,10.0,20.0,1,1542357760.0,-342225360.0,2026-01-19 14:02,2,,0
10,389500,에스비비테크,KOSDAQ,431338862400,기타,68100.0,62652.0,24.0,5.0,20.0,9,9.0,67.0,8.0,100.0,30.9672642584417,B,44217.5,36506.0,54307.11821018747,False,False,5.0,20.0,1,1701628200.0,4428497600.0,2026-01-19 14:02,2,,0
11,210980,SK디앤디,KOSPI,237185446680,기타,12740.0,12570.0,20.0,20.0,12.0,4,10.0,66.0,1.3343799058084773,8.403361344537815,50.855424639652234,R,12834.0,12727.2,13071.032949733873,True,True,20.0,12.0,0,-328870750.0,492602690.0,2026-01-19 14:02,2,,0
12,115310,인포바인,KOSDAQ,220308927000,기타,69000.0,59200.0,19.0,13.0,20.0,9,5.0,66.0,14.202898550724639,19.327731092436974,23.462969996310626,C,64180.0,68708.0,77049.2880417581,False,True,13.0,20.0,1,56109300.0,2394500.0,2026-01-19 14:02,2,,0
13,475400,씨메스,KOSDAQ,442322823600,기타,37800.0,34776.0,20.0,10.0,17.0,8,9.0,64.0,8.0,39.49579831932773,17.59250703611107,-,34032.5,32779.0,38449.34416002784,True,False,10.0,17.0,4,8981186600.0,-67867850.0,2026-01-19 14:03,2,,0
14,285490,노바텍,KOSDAQ,275500397550,기타,26050.0,23966.0,22.0,5.0,18.0,9,9.0,63.0,8.0,62.18487394957983,21.483696129650873,B,22047.5,21047.0,23416.4838052681,False,False,5.0,18.0,2,3461837050.0,3975050.0,2026-01-19 14:03,2,,0
15,053610,프로텍,KOSDAQ,401500000000,기타,36500.0,34250.0,23.0,10.0,15.0,6,9.0,63.0,6.164383561643835,25.210084033613445,28.56095431431885,-,34932.5,34277.0,37381.12143480529,True,False,10.0,15.0,1,-638111600.0,334254600.0,2026-01-19 14:03,2,,0
16,474170,루미르,KOSDAQ,217197714240,기타,12190.0,11214.800000000001,25.0,10.0,12.0,7,9.0,63.0,8.0,100.0,81.06122145309928,-,10742.0,9125.2,12354.03975364997,True,False,10.0,12.0,0,1464344720.0,368127700.0,2026-01-19 14:03,2,,0
17,274090,켄코아에어로스페이스,KOSDAQ,276882071600,기타,20950.0,19150.0,25.0,10.0,12.0,8,7.0,62.0,8.591885441527445,100.0,76.53564016562073,-,18691.0,13698.2,21718.527693509335,True,False,10.0,12.0,3,1410983120.0,-2546481030.0,2026-01-19 14:03,2,,0
18,171090,선익시스템,KOSDAQ,489549004800,기타,51200.0,47104.0,24.0,5.0,18.0,6,9.0,62.0,8.0,46.21848739495798,30.262755031099495,B,50897.5,50769.0,58211.78940056281,False,False,5.0,18.0,1,-1074143050.0,2896650050.0,2026-01-19 14:03,2,,0
19,282880,코윈테크,KOSDAQ,207939678100,기타,18130.0,16679.600000000002,22.0,10.0,12.0,9,9.0,62.0,8.0,50.42016806722689,22.6967401416229,-,16112.75,15663.04,17943.581238479142,True,False,10.0,12.0,2,1638545680.0,15460600.0,2026-01-19 14:03,2,,0
20,001940,KISCO홀딩스,KOSPI,374256432000,기타,26400.0,24750.0,19.0,20.0,8.0,6,9.0,62.0,6.25,10.084033613445378,21.201978897434664,R,25645.0,26021.0,27152.434571234156,True,True,20.0,8.0,1,-155238700.0,1274964000.0,2026-01-19 14:03,2,,0
21,033530,SJG세종,KOSPI,317437165010,기타,11410.0,10497.2,23.0,5.0,20.0,5,9.0,62.0,8.0,25.210084033613445,27.13315447987381,B,10161.0,9389.0,11139.141327440539,False,False,5.0,20.0,1,2616672660.0,-98800060.0,2026-01-19 14:02,2,,0
22,140670,알에스오토메이션,KOSDAQ,280550504000,기타,21850.0,20102.0,25.0,5.0,18.0,5,9.0,62.0,8.0,100.0,53.13083984495678,B,17546.0,14930.4,19489.17052735751,False,False,5.0,18.0,2,1551745280.0,-1059721800.0,2026-01-19 14:02,2,,0
23,322180,LS티라유텍,KOSDAQ,210265939200,기타,10050.0,8700.0,25.0,10.0,16.0,5,5.0,61.0,13.432835820895523,99.15966386554622,60.15748973334222,-,8815.5,7716.0,10048.884652675279,True,False,10.0,16.0,1,1859589210.0,-4135901850.0,2026-01-19 14:03,2,,0
24,045100,한양이엔지,KOSDAQ,423000000000,기타,23500.0,22700.0,25.0,10.0,10.0,6,10.0,61.0,3.404255319148936,100.0,43.688472787388015,-,22835.0,21630.0,24226.52098209201,True,False,10.0,10.0,2,-797981000.0,97690350.0,2026-01-19 14:03,2,,0
25,036560,KZ정밀,KOSDAQ,221287500000,기타,14050.0,13850.0,15.0,10.0,20.0,6,10.0,61.0,1.4234875444839856,9.243697478991596,44.22663677825947,-,14847.0,14741.0,15823.350993671404,False,True,10.0,20.0,1,-43979600.0,14110.0,2026-01-19 14:03,2,,0
26,451760,컨텍,KOSDAQ,217496314960,기타,14260.0,12540.0,25.0,10.0,12.0,9,5.0,61.0,12.0617110799439,100.0,75.53969341614665,-,12527.0,9903.4,14232.857152799319,True,False,10.0,12.0,1,23913820.0,2641435720.0,2026-01-19 14:03,2,,0
27,058430,포스코스틸리온,KOSPI,248100000000,기타,41350.0,35850.0,21.0,10.0,16.0,9,5.0,61.0,13.301088270858525,42.016806722689076,29.40633614216299,-,38882.5,38481.0,40811.97286674578,True,False,10.0,16.0,2,1039640050.0,277843200.0,2026-01-19 14:03,2,,0
28,014830,유니드,KOSPI,474408760000,기타,70100.0,64600.0,15.0,20.0,8.0,9,9.0,61.0,7.845934379457916,3.361344537815126,23.67442574886158,R,68475.0,67252.0,72513.53921806441,True,True,20.0,8.0,1,333611200.0,708433500.0,2026-01-19 14:03,2,,0
29,005430,한국공항,KOSPI,209929336500,기타,66300.0,61100.0,20.0,20.0,10.0,2,9.0,61.0,7.8431372549019605,9.243697478991596,14.66942994062194,R,64485.0,61718.0,66925.7319326216,True,True,20.0,10.0,1,-929730000.0,-270131200.0,2026-01-19 14:02,2,,0
30,211270,AP위성,KOSDAQ,227591967360,기타,15090.0,13650.0,23.0,10.0,12.0,9,7.0,61.0,9.542743538767395,100.0,65.77057308686082,-,13693.0,12275.4,14985.04787344433,True,False,10.0,12.0,1,1823673770.0,970845190.0,2026-01-19 14:03,2,,0
31,003920,남양유업,KOSPI,306600000000,기타,51100.0,49050.0,10.0,10.0,20.0,11,10.0,61.0,4.011741682974559,0.0,18.88803172787117,-,50485.0,50697.0,53900.32978414219,False,True,10.0,20.0,5,286304300.0,-144811500.0,2026-01-19 14:03,2,,0
32,080160,모두투어,KOSDAQ,201096000000,기타,10640.0,9820.0,10.0,20.0,13.0,8,9.0,60.0,7.7067669172932325,0.0,17.127249107418738,R,10223.5,10366.8,11172.494725718014,True,True,20.0,13.0,4,741096670.0,-344028350.0,2026-01-19 14:03,2,,0
33,104700,한국철강,KOSPI,367416000000,기타,10080.0,9680.0,17.0,20.0,6.0,6,10.0,59.0,3.968253968253968,10.084033613445378,19.601427773730133,R,9948.5,9985.6,10261.42624337119,True,True,20.0,6.0,1,-415654540.0,1586335670.0,2026-01-19 14:03,2,,0
34,007860,서연,KOSPI,258278284000,기타,11000.0,10120.0,25.0,0.0,18.0,7,9.0,59.0,8.0,43.69747899159664,51.78254641040032,-,9790.5,9649.0,10422.388703752968,False,False,0.0,18.0,0,392049020.0,378816460.0,2026-01-19 14:03,2,,0
35,126700,하이비젼시스템,KOSDAQ,244154110080,기타,16340.0,15110.0,20.0,10.0,8.0,12,9.0,59.0,7.527539779681762,41.1764705882353,14.695626421827054,-,15928.5,15618.0,16613.142056944638,True,False,10.0,8.0,4,1482368660.0,181923680.0,2026-01-19 14:04,2,,0
36,230360,에코마케팅,KOSDAQ,493500227360,기타,15920.0,15890.0,25.0,10.0,10.0,4,10.0,59.0,0.18844221105527637,75.63025210084034,65.20881163332213,-,13912.5,12176.4,15838.899306831181,True,False,10.0,10.0,0,-7097774670.0,11882530500.0,2026-01-19 14:03,2,,0
37,002230,피에스텍,KOSDAQ,310886716600,기타,16130.0,14839.6,25.0,5.0,16.0,4,9.0,59.0,8.0,100.0,71.52730253869446,B,9946.5,6721.3,12338.532087296946,False,False,5.0,16.0,0,-567054780.0,148066450.0,2026-01-19 14:03,2,,0
38,095500,미래나노텍,KOSDAQ,330256489350,기타,10650.0,10100.0,15.0,10.0,15.0,9,9.0,58.0,5.164319248826291,0.8403361344537815,27.318245353800904,-,10566.0,11542.4,13498.695443637649,False,True,10.0,15.0,1,133835850.0,31310090.0,2026-01-19 14:03,2,,0
39,078350,한양디지텍,KOSDAQ,357480757900,기타,23450.0,21574.0,25.0,5.0,16.0,3,9.0,58.0,8.0,36.134453781512605,49.623194725146405,B,22254.0,21808.6,25290.7520116763,False,False,5.0,16.0,0,381434100.0,-1401829900.0,2026-01-19 14:03,2,,0
40,170920,엘티씨,KOSDAQ,235051803500,기타,22250.0,20750.0,25.0,10.0,10.0,4,9.0,58.0,6.741573033707865,56.30252100840336,62.309233815248454,-,20656.0,18628.8,23317.996806968145,True,False,10.0,10.0,0,-5424633950.0,1417798050.0,2026-01-19 14:03,2,,0
41,110990,디아이티,KOSDAQ,338310000000,기타,17900.0,16870.0,25.0,10.0,8.0,6,9.0,58.0,5.754189944134079,63.865546218487395,48.56855178050157,-,16384.5,15263.8,18039.63737015173,True,False,10.0,8.0,1,-595196190.0,1187265920.0,2026-01-19 14:03,2,,0
42,037460,삼지전자,KOSDAQ,274640725260,기타,16830.0,15720.0,25.0,10.0,8.0,5,9.0,57.0,6.59536541889483,100.0,61.044858135016334,-,15570.0,14141.2,16838.384350006083,True,False,10.0,8.0,2,86479520.0,-592113690.0,2026-01-19 14:03,2,,0
43,079960,동양이엔피,KOSDAQ,230298000000,기타,29300.0,26900.0,23.0,5.0,18.0,4,7.0,57.0,8.19112627986348,94.11764705882354,25.241089579755048,B,26020.0,24750.0,28048.210750250953,False,False,5.0,18.0,0,-302819850.0,29841750.0,2026-01-19 14:03,2,,0
44,029460,케이씨,KOSPI,371136927150,기타,28050.0,26900.0,25.0,10.0,8.0,4,10.0,57.0,4.09982174688057,31.932773109243698,50.61877659965062,-,27060.0,25995.0,28586.284659382334,True,False,10.0,8.0,0,-1900020300.0,2619675000.0,2026-01-19 14:03,2,,0
45,270660,에브리봇,KOSDAQ,315086741400,기타,24900.0,22908.0,25.0,0.0,20.0,3,9.0,57.0,8.0,65.54621848739495,42.34635471613519,-,21526.0,20150.2,23402.666177394793,False,False,0.0,20.0,0,5506051350.0,-4484998750.0,2026-01-19 14:03,2,,0
46,462350,이노스페이스,KOSDAQ,435103711900,기타,21100.0,19412.0,25.0,10.0,12.0,0,9.0,56.0,8.0,100.0,88.56045106874356,-,16755.0,13283.86,20788.21842093837,True,False,10.0,12.0,0,-8058615750.0,-10169773350.0,2026-01-19 14:03,2,,0
47,190510,나무가,KOSDAQ,357453317650,기타,25450.0,23350.0,25.0,10.0,12.0,2,7.0,56.0,8.25147347740668,100.0,57.98470560198405,-,21925.0,18541.8,25024.72362717407,True,False,10.0,12.0,1,-1963398700.0,-191956300.0,2026-01-19 14:03,2,,0
48,371950,풍원정밀,KOSDAQ,288720861520,기타,12740.0,11720.800000000001,23.0,0.0,15.0,9,9.0,56.0,8.0,100.0,54.157743353724115,-,10635.5,9970.6,12037.628335996294,False,False,0.0,15.0,1,587282550.0,1000294140.0,2026-01-19 14:04,2,,0
49,034950,한국기업평가,KOSDAQ,441792012200,기타,97300.0,96000.0,12.0,20.0,12.0,2,10.0,56.0,1.3360739979445015,5.882352941176471,49.551922652591365,R,98435.0,98918.0,100869.85945690754,True,True,20.0,12.0,2,-89370600.0,-329341700.0,2026-01-19 14:03,2,,0
50,232680,라온테크,KOSDAQ,204308014200,기타,16300.0,14996.0,25.0,0.0,18.0,4,9.0,56.0,8.0,100.0,77.0847941370154,-,13355.5,10222.0,15607.863052679477,False,False,0.0,18.0,0,-171512520.0,84987640.0,2026-01-19 14:03,2,,0
51,114190,강원에너지,KOSDAQ,365983762380,기타,14010.0,13010.0,16.0,10.0,12.0,8,9.0,55.0,7.137758743754461,16.80672268907563,31.257401273038887,-,13601.0,15018.0,18344.747795464955,False,True,10.0,12.0,3,97040600.0,-19648830.0,2026-01-19 14:03,2,,0
52,200710,에이디테크놀로지,KOSDAQ,457659989100,기타,34050.0,30250.0,24.0,10.0,12.0,4,5.0,55.0,11.16005873715125,78.15126050420169,35.04117976199466,-,31407.5,28042.0,35251.634685207086,True,False,10.0,12.0,0,-13624396600.0,29317450.0,2026-01-19 14:03,2,,0
53,094820,일진파워,KOSDAQ,204316506950,기타,13550.0,11920.0,24.0,10.0,12.0,3,5.0,54.0,12.029520295202952,98.31932773109244,31.430042009157507,-,13004.0,11723.0,13937.867606929325,True,False,10.0,12.0,0,307295590.0,-43216310.0,2026-01-19 14:03,2,,0
54,001530,DI동일,KOSPI,401490848000,기타,20350.0,19150.0,16.0,0.0,20.0,9,9.0,54.0,5.896805896805897,50.42016806722689,25.968940408979968,-,19688.1,18654.82,21488.77644284547,False,False,0.0,20.0,2,251415740.0,14406290.0,2026-01-19 14:04,2,,0
55,032940,원익,KOSDAQ,265621158000,기타,14600.0,13432.0,25.0,0.0,12.0,8,9.0,54.0,8.0,98.31932773109244,69.75600854410895,-,11227.5,8916.2,13830.43442666336,False,False,0.0,12.0,3,1669095880.0,-104732590.0,2026-01-19 14:04,2,,0
56,092230,KPX홀딩스,KOSPI,300794795200,기타,71200.0,65504.0,15.0,5.0,20.0,5,9.0,54.0,8.0,73.94957983193277,50.74968479853764,B,72715.0,72648.0,78135.83590433588,False,False,5.0,20.0,1,174867600.0,-155340700.0,2026-01-19 14:03,2,,0
57,012200,계양전기,KOSPI,303806771640,기타,11160.0,10267.2,23.0,10.0,12.0,0,9.0,54.0,7.999999999999993,95.7983193277311,28.831401529374027,-,8086.5,4102.7,11102.816909128063,True,False,10.0,12.0,0,-1464185600.0,-2718620.0,2026-01-19 14:03,2,,0
58,156100,엘앤케이바이오,KOSDAQ,276688613500,기타,12700.0,12100.0,17.0,0.0,15.0,12,10.0,54.0,4.724409448818897,79.83193277310924,22.936921905782146,-,13336.5,12401.4,16307.185219804662,False,False,0.0,15.0,4,658223020.0,320397830.0,2026-01-19 14:04,2,,0
59,079940,가비아,KOSDAQ,417383272400,기타,31100.0,29900.0,20.0,0.0,12.0,11,10.0,53.0,3.858520900321544,63.02521008403362,41.46221668725705,-,31947.5,30786.0,35102.034158722185,False,False,0.0,12.0,5,331112400.0,-73148850.0,2026-01-19 14:04,2,,0
60,126720,수산인더스트리,KOSPI,376436100000,기타,26350.0,24242.0,21.0,0.0,16.0,7,9.0,53.0,8.0,61.34453781512605,26.677359405644633,-,22037.5,21490.0,23568.680922792773,False,False,0.0,16.0,0,588949850.0,1965140350.0,2026-01-19 14:04,2,,0
61,286940,롯데이노베이트,KOSPI,338897820800,기타,22400.0,19900.0,23.0,5.0,13.0,7,5.0,53.0,11.160714285714286,46.21848739495798,44.55629704370089,B,20076.0,19856.8,21474.742783245583,False,False,5.0,13.0,0,121335600.0,341783850.0,2026-01-19 14:04,2,,0
62,004310,현대약품,KOSPI,433600000000,기타,13550.0,12466.0,25.0,0.0,12.0,7,9.0,53.0,8.0,100.0,52.31647830550144,-,8645.5,6140.7,10756.040915050937,False,False,0.0,12.0,0,8590653680.0,1881670.0,2026-01-19 14:04,2,,0
63,382900,범한퓨얼셀,KOSDAQ,283418350000,기타,32350.0,29762.0,21.0,0.0,17.0,6,9.0,53.0,8.0,36.97478991596638,37.41642952119683,-,28445.0,29563.0,36019.820239107125,False,False,0.0,17.0,1,-288633550.0,190565400.0,2026-01-19 14:04,2,,0
64,049070,인탑스,KOSDAQ,375820000000,기타,21850.0,19380.0,25.0,5.0,16.0,2,5.0,53.0,11.304347826086957,100.0,54.42538149427252,B,18503.5,16311.6,20658.47711155459,False,False,5.0,16.0,2,-3634207130.0,-545673750.0,2026-01-19 14:03,2,,0
65,042370,비츠로테크,KOSDAQ,281126268250,기타,10730.0,9871.6,24.0,0.0,20.0,0,9.0,53.0,8.0,100.0,37.618312892897116,-,9536.0,8904.6,10342.590857969659,False,False,0.0,20.0,0,-3035359290.0,-168292440.0,2026-01-19 14:03,2,,0
66,114840,아이패밀리에스씨,KOSDAQ,264994470000,기타,15300.0,14450.0,13.0,10.0,16.0,5,9.0,53.0,5.555555555555555,19.327731092436974,26.376872731524145,-,14506.5,14936.4,18165.000381493228,False,True,10.0,16.0,1,274023320.0,-362512790.0,2026-01-19 14:03,2,,0
67,134380,미원화학,KOSPI,216627898000,기타,98500.0,94100.0,20.0,10.0,12.0,0,10.0,52.0,4.467005076142132,100.0,13.46959411832611,-,95240.0,91544.0,99202.4886442967,True,False,10.0,12.0,0,0.0,-131560900.0,2026-01-19 14:03,2,,0
68,041920,메디아나,KOSDAQ,244938596910,기타,13170.0,11230.0,25.0,10.0,12.0,0,5.0,52.0,14.730447987851178,100.0,50.71546185528639,-,11113.0,8304.0,13717.436478469448,True,False,10.0,12.0,0,-5697564680.0,-958952350.0,2026-01-19 14:03,2,,0
69,484810,티엑스알로보틱스,KOSDAQ,305310080400,기타,19760.0,18179.2,22.0,0.0,17.0,4,9.0,52.0,8.0,21.008403361344538,39.42146384893281,-,16528.0,15485.6,18585.34762766786,False,False,0.0,17.0,0,-1681021470.0,178023230.0,2026-01-19 14:03,2,,0
70,033640,네패스,KOSDAQ,376095584620,기타,16310.0,15160.0,14.0,10.0,10.0,8,9.0,51.0,7.050889025137952,13.445378151260504,20.588572206809364,-,16042.5,16666.0,18452.39922172555,False,True,10.0,10.0,3,528492860.0,-162896940.0,2026-01-19 14:04,2,,0
71,092460,한라IMS,KOSDAQ,290180172800,기타,16960.0,16210.0,15.0,10.0,12.0,4,10.0,51.0,4.422169811320755,8.403361344537815,16.294793240824713,-,17262.0,16710.8,19203.892265781906,False,True,10.0,12.0,0,-1222135410.0,161181360.0,2026-01-19 14:04,2,,0
72,344820,KCC글라스,KOSPI,426412670400,기타,26700.0,25000.0,14.0,20.0,3.0,5,9.0,51.0,6.367041198501873,12.605042016806722,38.67669062252666,R,26155.0,26590.0,27765.859774826436,True,True,20.0,3.0,2,256386450.0,-1279258150.0,2026-01-19 14:04,2,,0
73,043370,피에이치에이,KOSDAQ,270270000000,기타,12870.0,10990.0,25.0,0.0,20.0,0,5.0,50.0,14.607614607614607,74.78991596638656,56.32391817682436,-,11681.5,11540.4,12409.59234761839,False,False,0.0,20.0,0,-931068720.0,-14511972840.0,2026-01-19 14:03,2,,0
74,092870,엑시콘,KOSDAQ,210248339670,기타,16110.0,15540.0,24.0,0.0,10.0,6,10.0,50.0,3.5381750465549344,36.97478991596638,35.30763039184636,-,15765.0,15379.8,17007.69228274742,False,False,0.0,10.0,1,-930303520.0,1083859770.0,2026-01-19 14:04,2,,0
75,104830,원익머트리얼즈,KOSDAQ,410390400000,기타,32550.0,31550.0,25.0,0.0,10.0,5,10.0,50.0,3.0721966205837172,21.84873949579832,46.03487465474899,-,32360.0,31896.0,35091.76377443766,False,False,0.0,10.0,1,475916850.0,-1333680100.0,2026-01-19 14:04,2,,0
76,037710,광주신세계,KOSPI,247468609000,기타,31100.0,30400.0,15.0,10.0,7.0,8,10.0,50.0,2.2508038585209005,35.294117647058826,57.74761506026292,-,31405.0,31221.0,32360.62511488377,True,False,10.0,7.0,4,399674300.0,-143634650.0,2026-01-19 14:04,2,,0
77,456010,아이씨티케이,KOSDAQ,216590885320,기타,15580.0,14680.0,19.0,10.0,10.0,2,9.0,50.0,5.7766367137355585,0.8403361344537815,32.837081175678215,-,15834.5,15424.8,18785.671772905804,False,True,10.0,10.0,1,-122589250.0,-1626536230.0,2026-01-19 14:03,2,,0
78,060720,KH바텍,KOSDAQ,340955164800,기타,14400.0,13248.0,23.0,0.0,16.0,2,9.0,50.0,8.0,82.3529411764706,27.341787048894027,-,12129.0,11878.0,13967.910193349155,False,False,0.0,16.0,1,-3527072410.0,-632154240.0,2026-01-19 14:03,2,,0
79,080580,오킨스전자,KOSDAQ,211296912720,기타,10470.0,9960.0,25.0,0.0,12.0,3,10.0,50.0,4.871060171919771,40.33613445378151,43.59522680764444,-,10385.0,9594.6,11382.23600868348,False,False,0.0,12.0,0,1742331800.0,-578543820.0,2026-01-19 14:04,2,,0
80,254490,미래반도체,KOSDAQ,232163040000,기타,16080.0,15610.0,23.0,0.0,12.0,5,10.0,50.0,2.9228855721393034,41.1764705882353,58.34661776147457,-,15872.0,15584.8,17982.7975314921,False,False,0.0,12.0,1,13605360.0,-143783590.0,2026-01-19 14:04,2,,0
81,007160,사조산업,KOSPI,277000000000,기타,55400.0,52200.0,20.0,0.0,20.0,0,9.0,49.0,5.776173285198556,44.53781512605042,55.176609437698225,-,55820.0,54010.0,61196.411047346926,False,False,0.0,20.0,0,-18379200.0,-39586500.0,2026-01-19 14:03,2,,0
82,102120,어보브반도체,KOSDAQ,210346307990,기타,11830.0,11490.0,25.0,0.0,12.0,2,10.0,49.0,2.8740490278951816,44.53781512605042,51.830457700517805,-,11706.0,11374.2,13192.95745212417,False,False,0.0,12.0,1,-120784920.0,-1585830.0,2026-01-19 14:04,2,,0
83,354320,알멕,KOSDAQ,273551106800,기타,42800.0,39376.0,23.0,0.0,10.0,7,9.0,49.0,8.0,100.0,77.48938257503312,-,27947.0,23146.8,36173.85774487035,False,False,0.0,10.0,0,177514900.0,144864600.0,2026-01-19 14:04,2,,0
84,004700,조광피혁,KOSPI,444162418400,기타,66800.0,63200.0,11.0,10.0,13.0,6,9.0,49.0,5.389221556886228,7.563025210084033,34.30493404741329,-,66915.0,68478.0,72935.47072316433,False,True,10.0,13.0,2,-24960100.0,36838700.0,2026-01-19 14:04,2,,0
85,000860,강남제비스코,KOSPI,221130000000,기타,17010.0,15649.2,25.0,0.0,12.0,2,9.0,48.0,8.0,100.0,67.06899116409494,-,14056.0,13003.4,15276.848141491046,False,False,0.0,12.0,1,-786606410.0,-3695090.0,2026-01-19 14:04,2,,0
86,253590,네오셈,KOSDAQ,489141178600,기타,11150.0,10590.0,25.0,0.0,10.0,4,9.0,48.0,5.0224215246636765,42.016806722689076,48.229206147258374,-,10764.5,10576.8,12710.548483315764,False,False,0.0,10.0,0,-1112688100.0,220994280.0,2026-01-19 14:04,2,,0
87,361390,제노코,KOSDAQ,213859172700,기타,24300.0,22356.0,23.0,0.0,10.0,6,9.0,48.0,8.0,100.0,64.77639414333628,-,20757.5,17213.0,23792.346956576657,False,False,0.0,10.0,1,-73450950.0,157543100.0,2026-01-19 14:04,2,,0
88,464080,에스오에스랩,KOSDAQ,374627586750,기타,21050.0,19366.0,25.0,0.0,10.0,4,9.0,48.0,8.0,100.0,82.18027275654681,-,16403.0,12723.8,19552.884035837316,False,False,0.0,10.0,0,-2561778500.0,1065449550.0,2026-01-19 14:04,2,,0
89,011500,한농화성,KOSPI,281310385580,기타,17990.0,16550.8,19.0,0.0,20.0,0,9.0,48.0,8.0,58.8235294117647,20.276607165698717,-,15332.5,15473.6,17073.25506869007,False,False,0.0,20.0,0,-35759380.0,-3217690.0,2026-01-19 14:03,2,,0
90,006110,삼아알미늄,KOSPI,353085984000,기타,24000.0,22500.0,12.0,10.0,12.0,5,9.0,48.0,6.25,0.0,15.530678567812371,-,23957.5,24189.0,26964.10211943113,False,True,10.0,12.0,1,421212200.0,-63414500.0,2026-01-19 14:04,2,,0
91,098070,한텍,KOSDAQ,383679364500,기타,34500.0,31750.0,10.0,10.0,15.0,3,9.0,47.0,7.971014492753622,18.48739495798319,18.36721338891578,-,33005.0,33958.0,42174.4177336947,False,True,10.0,15.0,0,663429850.0,-1161248100.0,2026-01-19 14:04,2,,0
92,089890,코세스,KOSDAQ,397209839900,기타,23950.0,22034.0,12.0,10.0,12.0,4,9.0,47.0,8.0,10.084033613445378,15.530118043305238,-,22735.5,25431.0,32670.764775942633,False,True,10.0,12.0,0,-3365123450.0,2217281050.0,2026-01-19 14:04,2,,0
93,200880,서연이화,KOSPI,451374897900,기타,16700.0,15364.0,22.0,0.0,16.0,0,9.0,47.0,8.0,100.0,23.794781891866705,-,13437.5,12835.2,14551.067305157714,False,False,0.0,16.0,0,-7367791000.0,-258668300.0,2026-01-19 14:04,2,,0
94,394280,오픈엣지테크놀로지,KOSDAQ,311701851270,기타,14130.0,13000.0,23.0,0.0,12.0,2,9.0,46.0,7.9971691436659595,100.0,49.7644250825897,-,13620.0,12487.8,15066.60530071135,False,False,0.0,12.0,1,-608212590.0,-69866990.0,2026-01-19 14:04,2,,0
95,083310,엘오티베큠,KOSDAQ,222447312170,기타,12490.0,12200.0,14.0,10.0,10.0,2,10.0,46.0,2.321857485988791,0.0,38.44595811771131,-,12556.5,12531.2,13919.522777423063,False,True,10.0,10.0,1,-138965190.0,-65219150.0,2026-01-19 14:04,2,,0
96,482630,삼양엔씨켐,KOSDAQ,275792328000,기타,25200.0,23500.0,25.0,0.0,8.0,4,9.0,46.0,6.746031746031746,100.0,64.96637834588951,-,24109.0,21294.8,27215.63073140465,False,False,0.0,8.0,0,-248743450.0,110431350.0,2026-01-19 14:04,2,,0
97,064820,케이프,KOSDAQ,375455995200,기타,12150.0,11178.0,17.0,0.0,16.0,2,9.0,44.0,8.0,36.134453781512605,17.83542505271905,-,10525.0,10789.6,14131.251257370432,False,False,0.0,16.0,1,-2124172950.0,-58751360.0,2026-01-19 14:04,2,,0
98,234340,헥토파이낸셜,KOSDAQ,210118666240,기타,15040.0,14810.0,12.0,10.0,10.0,0,10.0,42.0,1.5292553191489362,1.680672268907563,21.543448176635827,-,16009.0,15662.2,16991.90663757918,False,True,10.0,10.0,0,-2253648890.0,-635430600.0,2026-01-19 14:04,2,,0
99,368770,파이버프로,KOSDAQ,434989939000,기타,13240.0,12400.0,25.0,0.0,8.0,0,9.0,42.0,6.3444108761329305,96.63865546218487,60.34185675015807,-,12461.5,9136.8,14817.287197330654,False,False,0.0,8.0,0,-2891787840.0,-3174866740.0,2026-01-19 14:04,2,,0
100,122640,예스티,KOSDAQ,364868440890,기타,17090.0,17000.0,10.0,10.0,12.0,0,10.0,42.0,0.5266237565827969,10.92436974789916,19.42281831533802,-,17906.0,17647.4,19787.54639645896,False,True,10.0,12.0,0,-1800967280.0,-666414800.0,2026-01-19 14:04,2,,0
