rank,code,name,market,close,trend_score,trigger_score,liq_score,total_score,stop,risk_pct,bbw_pct,adx,setup,ma20,ma60,vol_score,momentum_score,news_score,news_summary,keywords,news_count,scan_date,chunk
1,454910,두산로보틱스,KOSPI,90400.0,47.0,30.0,12.0,89.0,81200.0,10.17699115044248,39.49579831932773,32.28631449594295,B,82555.0,79668.0,30.0,0,0,,"ai, 두산에너빌리티, 로봇, 기아, 시총, 반면",10,2026-01-17 23:20,1
2,32830,삼성생명,KOSPI,170600.0,47.0,30.0,10.0,87.0,151200.0,11.371629542790153,26.050420168067227,34.17738399716758,B,160170.0,156486.0,30.0,0,0,,"안세영, 인도, quot, 삼성생명, 세계, 17일",10,2026-01-17 23:18,1
3,388720,유일로보틱스,KOSDAQ,89100.0,43.0,25.0,16.0,84.0,79500.0,10.774410774410772,58.8235294117647,29.479304868875605,B,84130.0,83440.0,25.0,0,0,,"ai, 외국인, 코스닥, 로봇, 관련주, 혁신상",10,2026-01-17 23:26,1
4,17670,SK텔레콤,KOSPI,55300.0,38.0,30.0,10.0,78.0,53100.0,3.9783001808318255,11.764705882352942,25.550282468353817,B,53505.0,53598.0,30.0,0,0,,"ai, sk텔레콤, 해킹, 지난해, quot, kt",10,2026-01-17 23:19,1
5,30530,원익홀딩스,KOSDAQ,42500.0,50.0,5.0,20.0,75.0,38400.0,9.647058823529411,34.45378151260504,47.255039008081496,-,40287.5,32886.0,5.0,0,0,,"hpsp, 아모레퍼시픽, 휴림로봇, 1월, 뉴로메카, 라온테크",10,2026-01-17 23:21,1
6,67310,하나마이크론,KOSDAQ,27950.0,50.0,5.0,18.0,73.0,26000.0,6.976744186046512,36.97478991596638,48.78670623299393,-,26332.5,25602.0,5.0,0,0,,"하나마이크론, 한미반도체, 신성이엔지, 반도체, 클라쓰, 대비",10,2026-01-17 23:23,1
7,403870,HPSP,KOSDAQ GLOBAL,35750.0,50.0,5.0,18.0,73.0,32700.0,8.531468531468532,26.050420168067227,58.52018132166271,-,32770.0,31364.0,5.0,0,0,,"hpsp, 반도체, 코스닥, 삼천당제약, 지투지바이오, 기관",10,2026-01-17 23:21,1
8,476060,온코닉테라퓨틱스,KOSDAQ,20050.0,47.0,5.0,20.0,72.0,18600.0,7.231920199501247,39.49579831932773,32.13291805952033,-,20041.0,17997.8,5.0,0,0,,"온코닉테라퓨틱스, 대비, 19, cab, 신종길, 15일",10,2026-01-17 23:27,1
9,240810,원익IPS,KOSDAQ GLOBAL,76700.0,50.0,5.0,16.0,71.0,71800.0,6.388526727509778,10.084033613445378,57.65009631352253,-,70975.0,66384.0,5.0,0,0,,"반도체, 기업들이, 것이, 원익ips, 관련, 이런 기업들이",10,2026-01-17 23:21,1
10,131970,두산테스나,KOSDAQ GLOBAL,51300.0,50.0,5.0,16.0,71.0,48950.0,4.580896686159844,11.764705882352942,61.64730379203501,-,49470.0,46508.0,5.0,0,0,,"두산테스나, 반도체, 회복과, 테크윙, 시스템반도체, 알파칩스",10,2026-01-17 23:26,1
15,124500,아이티센글로벌,KOSDAQ,32200.0,50.0,0.0,20.0,70.0,29850.0,7.298136645962733,72.26890756302521,43.18214868175282,-,31127.5,25380.0,0.0,0,0,,"ai, 아이티센글로벌, 글로벌, 1월, 엑스페릭스, 포바이포",10,2026-01-17 23:27,1
14,83450,GST,KOSDAQ,27600.0,50.0,0.0,20.0,70.0,26500.0,3.985507246376811,50.42016806722689,43.63933598458218,-,27552.5,26926.0,0.0,0,0,,"quot, gst, 인하, 상품, 상품 서비스세, 서비스세",10,2026-01-17 23:30,1
12,80220,제주반도체,KOSDAQ,30850.0,50.0,0.0,20.0,70.0,28250.0,8.427876823338735,100.0,73.7253102624406,-,26131.0,21964.6,0.0,0,0,,"반도체, quot, 제주대학교, 화물, 오늘, 있는",10,2026-01-17 23:26,1
11,3550,LG,KOSPI,87500.0,35.0,25.0,10.0,70.0,78600.0,10.17142857142857,0.8403361344537815,18.853409473637942,A,82265.0,82092.0,25.0,0,0,,"계약학과, ai, lg유플러스, lg, sk텔레콤, 해킹",10,2026-01-17 23:19,1
13,98460,고영,KOSDAQ,28400.0,50.0,0.0,20.0,70.0,25250.0,11.091549295774648,77.3109243697479,40.98892294025291,-,25577.5,23637.2,0.0,0,0,,"반도체, 기업들이, 것이, 원익ips, 반도체 전문가들의, 모여들고 있고",10,2026-01-17 23:23,1
16,5290,동진쎄미켐,KOSDAQ,40100.0,50.0,5.0,14.0,69.0,39300.0,1.99501246882793,36.134453781512605,42.50216711768521,-,39037.5,37303.0,5.0,0,0,,"반도체, 40, 동진쎄미켐, quot, 16일, 트럼프",10,2026-01-17 23:23,1
17,103140,풍산,KOSPI,123400.0,50.0,5.0,14.0,69.0,107300.0,13.047001620745544,21.84873949579832,63.16677965781514,-,112945.0,105590.0,5.0,0,0,,"류진, 풍산그룹, 서울, 류진 풍산그룹, 미생물, 외국인",10,2026-01-17 23:21,1
18,36540,SFA반도체,KOSDAQ,5510.0,50.0,0.0,18.0,68.0,5210.0,5.44464609800363,78.99159663865547,68.06820557451593,-,4942.75,4509.7,0.0,0,0,,"sfa반도체, 반도체, sfa반도체와, 각각, 고영은, 대비",10,2026-01-17 23:26,1
19,95610,테스,KOSDAQ,50700.0,50.0,0.0,18.0,68.0,48900.0,3.5502958579881656,57.98319327731093,64.90909932884233,-,47977.5,43623.0,0.0,0,0,,"반도체, 테스, quot, 피에스케이, 원익ips, 브이엠",10,2026-01-17 23:26,1
20,42700,한미반도체,KOSPI,178500.0,50.0,0.0,18.0,68.0,153200.0,14.173669467787114,66.38655462184875,60.731054367415176,-,152140.0,135094.0,0.0,0,0,,"반도체, quot, 관세, 한미, 한미 반도체, 15 관세를",10,2026-01-17 23:18,1
21,189300,인텔리안테크,KOSDAQ,68900.0,50.0,0.0,18.0,68.0,66300.0,3.7735849056603774,100.0,83.7910796696872,-,63862.5,51351.0,0.0,0,0,,"상장기업, 브랜드평판, 통신장비 상장기업, 통신장비, 쏠리드, 1월",10,2026-01-17 23:28,1
22,399720,가온칩스,KOSDAQ,60400.0,50.0,0.0,18.0,68.0,51400.0,14.90066225165563,100.0,53.57240863047405,-,54147.5,50747.0,0.0,0,0,,"반도체, 가온칩스, ai, 고영, 등은, 시스템반도체",10,2026-01-17 23:28,1
23,475830,오름테라퓨틱,KOSDAQ,121800.0,50.0,0.0,18.0,68.0,108700.0,10.755336617405582,92.43697478991596,66.65088659245198,-,115820.0,85492.0,0.0,0,0,,"위원, 코리아, 한국바이오협회, 나이트, 코리아 나이트, 오름테라퓨틱",10,2026-01-17 23:22,1
25,58470,리노공업,KOSDAQ GLOBAL,64700.0,50.0,5.0,12.0,67.0,61400.0,5.1004636785162285,26.050420168067227,40.37113194665708,-,62690.0,61580.0,5.0,0,0,,"반도체, 리노공업, 원익ips, 삼천당제약, 이오테크닉스, hpsp",10,2026-01-17 23:20,1
26,214430,아이쓰리시스템,KOSDAQ,85300.0,48.0,5.0,14.0,67.0,77600.0,9.02696365767878,36.97478991596638,62.62768948716247,-,81775.0,74976.0,5.0,0,0,,"아이쓰리시스템, 관련주, 유진로봇, 센서, 넥스트칩, hl만도",10,2026-01-17 23:29,1
24,352820,하이브,KOSPI,336500.0,50.0,5.0,12.0,67.0,319500.0,5.052005943536404,37.81512605042017,46.88915842989056,-,326425.0,308540.0,5.0,0,0,,"캣츠아이, 하이브, ai, 미국, 하이브가, bts",10,2026-01-17 23:18,1
27,1440,대한전선,KOSPI,25750.0,50.0,0.0,16.0,66.0,23850.0,7.378640776699028,41.1764705882353,40.25041967715489,-,24482.5,23936.0,0.0,0,0,,"quot, 각각, 대한전선, 대한전선은, 종목은, 시대",10,2026-01-17 23:20,1
28,28300,HLB,KOSDAQ,52600.0,50.0,5.0,10.0,65.0,49600.0,5.70342205323194,13.445378151260504,49.32026673025074,-,50320.0,49091.0,5.0,0,0,,"코스닥, quot, 바이오, 이번, 시총, 셀트리온",10,2026-01-17 23:20,1
29,39490,키움증권,KOSPI,330000.0,50.0,5.0,10.0,65.0,293500.0,11.06060606060606,4.201680672268908,46.53859739825207,-,304650.0,291110.0,5.0,0,0,,"52주, 16일, quot, 키움증권, 52주 최고가를, 최고가를",10,2026-01-17 23:19,1
30,14680,한솔케미칼,KOSPI,246500.0,50.0,5.0,10.0,65.0,225000.0,8.72210953346856,15.126050420168069,41.67242879532809,-,232925.0,230340.0,5.0,0,0,,"한솔케미칼, 회사채, 기대, 기반, etri, 미러형",10,2026-01-17 23:22,1
31,263750,펄어비스,KOSDAQ GLOBAL,39350.0,50.0,5.0,10.0,65.0,37400.0,4.955527318932655,16.80672268907563,55.6310843384432,-,37955.0,37652.0,5.0,0,0,,"연금석, 검은사막, 펄어비스, quot, 글로벌, 게임",10,2026-01-17 23:22,1
32,34730,SK,KOSPI,299000.0,50.0,5.0,10.0,65.0,261500.0,12.54180602006689,2.5210084033613445,47.1261500457264,-,268800.0,263810.0,5.0,0,0,,"quot, 대기업, 계약학과, 대기업 계약학과, sk하이닉스, 역시",10,2026-01-17 23:18,1
39,64760,티씨케이,KOSDAQ GLOBAL,168900.0,47.0,5.0,12.0,64.0,148600.0,12.01894612196566,21.008403361344534,36.53051886255165,-,152400.0,151952.0,5.0,0,0,,"티씨케이, 원익ips, 반도체, 피에스케이, 피에스케이홀딩스, hpsp",10,2026-01-17 23:23,1
40,36930,주성엔지니어링,KOSDAQ GLOBAL,31950.0,48.0,0.0,16.0,64.0,30500.0,4.538341158059469,89.91596638655462,58.55968474627826,-,30245.0,29391.0,0.0,0,0,,"quot, 세메스 주성엔지니어링, 램리서치코리아 도쿄일렉트론코리아, 램리서치코리아, 세메스, asml을",10,2026-01-17 23:24,1
38,9150,삼성전기,KOSPI,289500.0,47.0,5.0,12.0,64.0,257500.0,11.053540587219343,30.252100840336134,38.65206294753154,-,267075.0,251800.0,5.0,0,0,,"반도체, 실적, 4분기, 삼성, lg이노텍, ai",10,2026-01-17 23:18,1
37,319660,피에스케이,KOSDAQ GLOBAL,41650.0,50.0,0.0,14.0,64.0,40450.0,2.881152460984394,57.142857142857146,67.29805023707411,-,38712.5,35280.0,0.0,0,0,,"피에스케이홀딩스, 피에스케이, 지투지바이오, 반도체, 장비, 코스닥",10,2026-01-17 23:25,1
36,103590,일진전기,KOSPI,62400.0,47.0,5.0,12.0,64.0,57800.0,7.371794871794872,25.210084033613445,36.72865771516566,-,58490.0,57468.0,5.0,0,0,,"62, quot, 있다, 일진전기, 국내, 효성중공업",10,2026-01-17 23:22,1
35,33100,제룡전기,KOSDAQ,38450.0,47.0,5.0,12.0,64.0,35600.0,7.412223667100131,5.882352941176471,31.584258736818636,-,37092.5,36266.0,5.0,0,0,,"제룡전기, quot, 제룡산업, hd현대일렉트릭, 바이오스마트, 지투파워",10,2026-01-17 23:29,1
34,39030,이오테크닉스,KOSDAQ GLOBAL,300000.0,50.0,0.0,14.0,64.0,295000.0,1.6666666666666667,48.739495798319325,54.20018351640257,-,285500.0,276270.0,0.0,0,0,,"이오테크닉스, 반도체, 있다, 리노공업, 오인경, 그래픽",10,2026-01-17 23:21,1
33,161580,필옵틱스,KOSDAQ,44500.0,43.0,5.0,16.0,64.0,40850.0,8.202247191011235,26.89075630252101,28.096866914409123,-,44127.5,43987.0,5.0,0,0,,"한기수, 필옵틱스, 전영현, 김민재, 자랑스러운, 한양인상",10,2026-01-17 23:26,1
41,89030,테크윙,KOSDAQ,49450.0,47.0,0.0,16.0,63.0,46350.0,6.268958543983821,44.53781512605042,43.36363567716548,-,47027.5,48859.0,0.0,0,0,,"테크윙, 반도체, 약세를, 코스닥, 브이엠, 48",10,2026-01-17 23:23,1
42,249420,일동제약,KOSPI,39000.0,43.0,0.0,20.0,63.0,36400.0,6.666666666666667,61.34453781512605,29.794907247382277,-,38842.5,33966.0,0.0,0,0,,"강서구약사회장, quot, 일동제약, 바이오, 한미약품, 대표",10,2026-01-17 23:25,1
43,271560,오리온,KOSPI,109300.0,23.0,30.0,10.0,63.0,102300.0,6.404391582799635,15.126050420168069,19.020130366777003,B,105815.0,104824.0,30.0,0,0,,"발사대로, 로켓, quot, 오리온, 임무에 투입될, 임무에",10,2026-01-17 23:20,1
44,126340,비나텍,KOSDAQ,86100.0,47.0,0.0,16.0,63.0,80400.0,6.620209059233449,71.42857142857143,35.932829452071545,-,78545.95,67704.18,0.0,0,0,,"비나텍, 500, 진성티이씨, 일지테크, 아이에이, electric",10,2026-01-17 23:29,1
45,195870,해성디에스,KOSPI,54400.0,40.0,5.0,18.0,63.0,46350.0,14.79779411764706,0.0,20.775453510732,-,53365.0,52929.0,5.0,0,0,,"반도체, 해성디에스, 올해, quot, 영업익, 01",10,2026-01-17 23:26,1
46,6730,서부T&D,KOSDAQ,13740.0,47.0,0.0,16.0,63.0,11790.0,14.192139737991264,77.3109243697479,30.700753648482014,-,12765.5,11775.4,0.0,0,0,,"amp, 서부t amp, 서부t, 기관의, 기관, 순매도",10,2026-01-17 23:27,1
47,278470,에이피알,KOSPI,240500.0,44.0,5.0,14.0,63.0,210000.0,12.681912681912683,11.764705882352942,32.62786120331992,-,232775.0,238180.0,5.0,0,0,,"에이피알, 에이피알은, quot, yoy, 아모레퍼시픽, 매출",10,2026-01-17 23:19,1
55,2380,KCC,KOSPI,439000.0,47.0,5.0,10.0,62.0,388000.0,11.617312072892938,0.0,42.22869018236956,-,415775.0,418330.0,5.0,0,0,,"아시아, kcc, 등으로, 루키, 나바로, 윌리엄",10,2026-01-17 23:21,1
53,6260,LS,KOSPI,222000.0,50.0,0.0,12.0,62.0,198300.0,10.675675675675675,45.37815126050421,71.75770839042421,-,202485.0,196028.0,0.0,0,0,,"ls, hd현대일렉트릭, 변압기, ls일렉트릭, quot, 효성중공업",10,2026-01-17 23:19,1
57,64350,현대로템,KOSPI,215000.0,50.0,0.0,12.0,62.0,195000.0,9.30232558139535,83.19327731092437,49.99304986756366,-,199290.0,192128.0,0.0,0,0,,"현대로템, k2, 기술, 방산, 수출, 등이",10,2026-01-17 23:18,1
54,71050,한국금융지주,KOSPI,182700.0,47.0,5.0,10.0,62.0,163200.0,10.673234811165845,3.361344537815126,37.40760115567421,-,166770.0,164728.0,5.0,0,0,,"김재철, quot, ai, 상향, 한국금융지주, 인재",10,2026-01-17 23:19,1
56,15760,한국전력,KOSPI,54700.0,47.0,5.0,10.0,62.0,47000.0,14.076782449725778,24.369747899159663,34.021771807399666,-,50050.0,49616.0,5.0,0,0,,"승점, quot, 보성파워텍, 승점 35, 35, 있다",10,2026-01-17 23:18,1
52,11070,LG이노텍,KOSPI,286000.0,50.0,0.0,12.0,62.0,253000.0,11.538461538461538,48.739495798319325,44.59550920709237,-,275925.0,264550.0,0.0,0,0,,"lg이노텍, 반도체, 실적, lg이노텍은, ai, 4분기",10,2026-01-17 23:20,1
49,12510,더존비즈온,KOSPI,91900.0,47.0,5.0,10.0,62.0,89700.0,2.3939064200217626,19.327731092436974,41.40006693270933,-,88770.0,90530.0,5.0,0,0,,"정밀의료 ax, 허브, ax 허브, ax, 정밀의료, 강원정보문화산업진흥원",10,2026-01-17 23:22,1
48,18260,삼성에스디에스,KOSPI,180000.0,47.0,5.0,10.0,62.0,171300.0,4.833333333333333,5.882352941176471,35.1924728522579,-,174475.0,172704.0,5.0,0,0,,"lg, 서비스, 삼성에스디에스, 리셀러, 삼성sds, 오픈ai",10,2026-01-17 23:19,1
51,64400,LG씨엔에스,KOSPI,68000.0,45.0,5.0,12.0,62.0,59400.0,12.647058823529411,33.61344537815126,33.004265145948565,-,63030.0,61114.0,5.0,0,0,,"lg씨엔에스, 외국인, 투자, 4분기, 오픈ai와, 소식에",10,2026-01-17 23:20,1
50,357780,솔브레인,KOSDAQ GLOBAL,292000.0,47.0,5.0,10.0,62.0,268500.0,8.047945205479452,5.882352941176471,36.85842471703915,-,272800.0,267120.0,5.0,0,0,,"quot, 램리서치코리아, 램리서치코리아 도쿄일렉트론코리아, 비롯해, 도쿄일렉트론코리아 asml을, 도쿄일렉트론코리아",10,2026-01-17 23:23,1
59,232140,와이씨,KOSDAQ,15040.0,47.0,0.0,14.0,61.0,14740.0,1.9946808510638296,55.46218487394958,39.71617504332017,-,14889.0,14089.0,0.0,0,0,,"반도체, 장비, 15, 와이씨, 케이씨텍, 와이씨는",10,2026-01-17 23:25,1
60,62040,산일전기,KOSPI,143500.0,44.0,5.0,12.0,61.0,131800.0,8.153310104529616,0.0,33.0925662604309,-,137125.0,141638.0,5.0,0,0,,"ls, 산일전기, 제일일렉트릭, 서전기전, 지엔씨에너지, quot",10,2026-01-17 23:20,1
61,75580,세진중공업,KOSPI,19910.0,44.0,5.0,12.0,61.0,17110.0,14.063284781516824,11.764705882352942,35.758340137734606,-,18581.0,18625.6,5.0,0,0,,"세진중공업, 20, 장중, 네이버페이, 있다, 서암기계공업",10,2026-01-17 23:25,1
58,3380,하림지주,KOSDAQ GLOBAL,11100.0,47.0,0.0,14.0,61.0,10100.0,9.00900900900901,89.91596638655462,33.51010010666992,-,10642.5,9506.2,0.0,0,0,,"quot, 메디컬푸드, 하림지주, 국내, 운용, cj제일제당",10,2026-01-17 23:25,1
65,68270,셀트리온,KOSPI,209000.0,50.0,0.0,10.0,60.0,200500.0,4.066985645933015,89.07563025210084,44.89511865292031,-,198765.0,190006.0,0.0,0,0,,"언더커버 미쓰홍, 언더커버, 미쓰홍, 셀트리온, 스튜디오드래곤, 박신혜",10,2026-01-17 23:17,1
67,5490,POSCO홀딩스,KOSPI,331500.0,43.0,5.0,12.0,60.0,297000.0,10.407239819004523,5.882352941176471,29.901726278637312,-,313775.0,312150.0,5.0,0,0,,"posco홀딩스, sk하이닉스, 현대차, 매수, 4분기, 삼성전자",10,2026-01-17 23:18,1
66,402340,SK스퀘어,KOSPI,446500.0,50.0,0.0,10.0,60.0,398500.0,10.750279955207166,52.94117647058823,69.84510597766128,-,377975.0,329750.0,0.0,0,0,,"현대차, 기아, sk스퀘어, 삼성바이오로직스, 한화에어로스페이스, 두산에너빌리티",10,2026-01-17 23:17,1
68,180640,한진칼,KOSPI,128300.0,50.0,0.0,10.0,60.0,113100.0,11.847233047544815,76.47058823529412,46.6822288984446,-,119535.0,110760.0,0.0,0,0,,"대한항공, 실적, 한진칼, 있다, 회복, quot",10,2026-01-17 23:19,1
64,5930,삼성전자,KOSPI,148900.0,50.0,0.0,10.0,60.0,132700.0,10.879785090664877,79.83193277310924,73.71543431535046,-,127255.0,112300.0,0.0,0,0,,"quot, 계약학과, 대기업, 삼성전자, 대기업 계약학과, 고객",10,2026-01-17 23:17,1
63,397030,에이프릴바이오,KOSDAQ,49250.0,40.0,0.0,20.0,60.0,46500.0,5.583756345177665,95.7983193277311,58.51354682377258,-,51497.5,43961.0,0.0,0,0,,"에이프릴바이오, 주식, 한재규, 1월, 주식매수선택권, 16일",10,2026-01-17 23:25,1
62,660,SK하이닉스,KOSPI,756000.0,50.0,0.0,10.0,60.0,671000.0,11.243386243386242,41.1764705882353,73.2467713928208,-,668350.0,605680.0,0.0,0,0,,"계약학과, quot, 대기업, 대기업 계약학과, sk하이닉스, 40",10,2026-01-17 23:17,1
71,1040,CJ,KOSPI,187200.0,44.0,5.0,10.0,59.0,170300.0,9.027777777777777,9.243697478991596,39.03505394251109,-,176295.0,176996.0,5.0,0,0,,"엔젤, cj, 사진, enm, cj enm, 사진 cj",10,2026-01-17 23:20,1
72,34220,LG디스플레이,KOSPI,12520.0,44.0,5.0,10.0,59.0,11700.0,6.549520766773163,11.764705882352942,36.19728729695991,-,12048.5,12516.8,5.0,0,0,,"계약학과, lg, 반도체, lg디스플레이, 대기업 계약학과, 대기업",10,2026-01-17 23:20,1
70,445680,큐리옥스바이오시스템즈,KOSDAQ,107000.0,47.0,0.0,12.0,59.0,92400.0,13.644859813084112,49.57983193277311,39.54621417587182,-,105935.0,92860.0,0.0,0,0,,"시총, 706 에이비엘바이오, 981, 큐리언트 637, 큐리언트, 567",10,2026-01-17 23:23,1
69,85660,차바이오텍,KOSDAQ,14890.0,47.0,0.0,12.0,59.0,13610.0,8.596373404969778,76.47058823529412,35.946516408508494,-,14434.0,14020.2,0.0,0,0,,"차바이오텍, lg, 한화손해보험, 투자, 전략적, 헬스케어",10,2026-01-17 23:25,1
73,119850,지엔씨에너지,KOSDAQ,33850.0,44.0,0.0,14.0,58.0,30350.0,10.3397341211226,53.78151260504202,35.08442248872171,-,32072.5,32849.0,0.0,0,0,,"지엔씨에너지, ls, ai, 서전기전, quot, 등은",10,2026-01-17 23:30,1
75,108490,로보티즈,KOSDAQ,257500.0,33.0,5.0,20.0,58.0,233500.0,9.320388349514564,6.722689075630252,29.342277525241965,-,261650.0,249496.0,5.0,0,0,,"로보티즈, 로봇, 등도, 휴림로봇, 하락했다, 지투지바이오",10,2026-01-17 23:21,1
76,36810,에프에스티,KOSDAQ,30650.0,37.0,5.0,16.0,58.0,28700.0,6.36215334420881,28.571428571428573,33.42894240346311,-,31333.35,30390.44,5.0,0,0,,"반도체, 에프에스티, duv, 관련주, 규모, quot",10,2026-01-17 23:28,1
77,10950,S-Oil,KOSPI,89700.0,43.0,5.0,10.0,58.0,80200.0,10.590858416945371,39.49579831932773,27.0458112103581,-,84225.0,82934.0,5.0,0,0,,"oil, ai, gs칼텍스, 에쓰오일, 수소, 일상",10,2026-01-17 23:19,1
78,267260,HD현대일렉트릭,KOSPI,906000.0,43.0,5.0,10.0,58.0,790000.0,12.803532008830022,8.403361344537815,29.889296861680243,-,832900.0,825160.0,5.0,0,0,,"변압기, hd현대일렉트릭, ls, 효성중공업, ai, quot",10,2026-01-17 23:18,1
79,253450,스튜디오드래곤,KOSDAQ GLOBAL,45550.0,48.0,0.0,10.0,58.0,41800.0,8.232711306256862,68.0672268907563,53.78693666783477,-,43585.0,41040.0,0.0,0,0,,"문상민, 남지현, 은애하는, 은애하는 도적님아, 도적님아, 스튜디오드래곤",10,2026-01-17 23:24,1
74,484870,엠앤씨솔루션,KOSPI,164000.0,48.0,0.0,10.0,58.0,140200.0,14.51219512195122,61.34453781512605,46.98699403526081,-,152295.0,147470.0,0.0,0,0,,"포인트, 국민연금, 지분율을, 엠앤씨솔루션, 삼성에피스홀딩스, 늘린",10,2026-01-17 23:24,1
83,10060,OCI홀딩스,KOSPI,113700.0,40.0,5.0,12.0,57.0,100300.0,11.785400175901495,15.966386554621849,20.81769481339212,-,111110.0,108350.0,5.0,0,0,,"oci홀딩스, 태양광, 각각, 실적, 한화, 있다",10,2026-01-17 23:23,1
85,457190,이수스페셜티케미컬,KOSPI,60200.0,43.0,0.0,14.0,57.0,56500.0,6.146179401993355,57.98319327731093,25.418435806202268,-,58475.0,56275.0,0.0,0,0,,"이수스페셜티케미컬, 동성화인텍, pi첨단소재, 유니드, 국도화학, 한농화성",10,2026-01-17 23:23,1
84,207940,삼성바이오로직스,KOSPI,1947000.0,47.0,0.0,10.0,57.0,1671000.0,14.175654853620957,59.66386554621849,39.23330102896794,-,1785100.0,1750760.0,0.0,0,0,,"삼성바이오로직스, 셀트리온, 현대차, 기아, 92, 경남제약",10,2026-01-17 23:17,1
82,16360,삼성증권,KOSPI,83600.0,40.0,5.0,12.0,57.0,75300.0,9.92822966507177,4.201680672268908,26.928367327043784,-,78565.0,78894.0,5.0,0,0,,"quot, 삼성증권, 투자, 따르면, 부위원장, 2월",10,2026-01-17 23:19,1
81,100790,미래에셋벤처투자,KOSDAQ,12810.0,37.0,0.0,20.0,57.0,11950.0,6.713505074160812,91.5966386554622,34.85135511441859,-,14169.5,11024.4,0.0,0,0,,"투자, 미래에셋벤처투자, 기관, 매수, 등이, 이후",10,2026-01-17 23:28,1
80,120,CJ대한통운,KOSPI,97400.0,47.0,0.0,10.0,57.0,91900.0,5.646817248459959,76.47058823529412,31.061889765349093,-,95890.0,94270.0,0.0,0,0,,"현장, cj대한통운, 택배, 물류, ne, 오네 ne",10,2026-01-17 23:23,1
86,66970,엘앤에프,KOSPI,108700.0,37.0,5.0,14.0,56.0,92500.0,14.903403863845446,2.5210084033613445,47.0859120625174,-,106520.0,118260.0,5.0,0,0,,"엘앤에프, 배터리, 공급, quot, 계약, 양극재 공급",10,2026-01-17 23:20,1
87,17800,현대엘리베이터,KOSPI,88900.0,43.0,0.0,12.0,55.0,85700.0,3.59955005624297,89.91596638655462,28.283187635649305,-,88335.0,85620.0,0.0,0,0,,"quot, 현정은, ai, 현대엘리베이터, 회장은, 현대그룹",10,2026-01-17 23:21,1
88,66570,LG전자,KOSPI,98400.0,43.0,0.0,12.0,55.0,86600.0,11.991869918699187,51.26050420168068,26.931077148318348,-,92685.0,91334.0,0.0,0,0,,"lg전자, quot, lg, 장비, 반도체, 2025",10,2026-01-17 23:18,1
89,241560,두산밥캣,KOSPI,61900.0,40.0,5.0,10.0,55.0,56500.0,8.723747980613894,35.294117647058826,21.5023422516032,-,59280.0,58518.0,5.0,0,0,,"미국, 캐터필러, 특허, 두산밥캣, 캐터필러 특허, 두산밥캣과",10,2026-01-17 23:20,1
90,55550,신한지주,KOSPI,79200.0,40.0,5.0,10.0,55.0,76600.0,3.2828282828282838,0.0,26.58932621654594,-,78000.0,78118.0,5.0,0,0,,"신한지주, quot, 15, 외국인, kb금융, 삼성전자",10,2026-01-17 23:17,1
91,9540,HD한국조선해양,KOSPI,438500.0,40.0,5.0,10.0,55.0,385000.0,12.200684150513112,10.92436974789916,25.0758536100605,-,422775.0,425670.0,5.0,0,0,,"대표, hmm, 아비커스, 자율운항, 조선, hd한국조선해양",10,2026-01-17 23:18,1
95,78930,GS,KOSPI,59600.0,44.0,0.0,10.0,54.0,55400.0,7.046979865771812,47.89915966386555,33.98212583856196,-,56745.0,57037.0,0.0,0,0,,"코스트코, 편의점, 이마트, 흑백, 홈플러스, 롯데마트",10,2026-01-17 23:20,1
96,77970,STX엔진,KOSPI,36900.0,35.0,5.0,14.0,54.0,32500.0,11.924119241192413,15.966386554621849,18.562220107820696,-,36340.0,34636.0,5.0,0,0,,"stx엔진, 국민연금, 기준, 49, 반대로, 농심",10,2026-01-17 23:24,1
97,140410,메지온,KOSDAQ,89000.0,40.0,0.0,14.0,54.0,85300.0,4.157303370786517,60.50420168067227,46.50975002635808,-,91080.0,80630.0,0.0,0,0,,"메지온, 바이오, quot, 주가는, 메지온의, 메지온에",10,2026-01-17 23:22,1
94,122870,와이지엔터테인먼트,KOSDAQ,68800.0,38.0,0.0,16.0,54.0,62400.0,9.30232558139535,69.74789915966386,40.36752813246176,-,66360.0,64974.0,0.0,0,0,,"quot, 70, 와이지엔터테인먼트, 등이, 코스닥, 30",10,2026-01-17 23:25,1
93,218410,RFHIC,KOSDAQ,35100.0,40.0,0.0,14.0,54.0,34200.0,2.564102564102564,74.78991596638656,63.67049252631746,-,35110.0,32146.0,0.0,0,0,,"통신장비, 통신장비 상장기업, 상장기업, 1월, 쏠리드, 브랜드평판",10,2026-01-17 23:26,1
92,6400,삼성SDI,KOSPI,289000.0,37.0,5.0,12.0,54.0,259500.0,10.207612456747404,14.285714285714286,40.01644206594243,-,279100.0,295880.0,5.0,0,0,,"계약학과, 배터리, 삼성sdi, 대기업, 대기업 계약학과, sk하이닉스",10,2026-01-17 23:18,1
98,84370,유진테크,KOSDAQ,82000.0,34.0,5.0,14.0,53.0,80700.0,1.5853658536585369,12.605042016806722,35.19836831005983,-,80565.0,82864.0,5.0,0,0,,"유진테크, 반도체, 네이버페이, 약세를, ap시스템, 이오테크닉스",10,2026-01-17 23:23,1
99,83650,비에이치아이,KOSDAQ,59400.0,35.0,0.0,18.0,53.0,52700.0,11.27946127946128,68.0672268907563,18.464404246253387,-,55060.0,50303.0,0.0,0,0,,"비에이치아이, 코스닥, 있다, 기관, 우리기술, 보성파워텍",10,2026-01-17 23:23,1
100,347850,디앤디파마텍,KOSDAQ,92500.0,33.0,0.0,20.0,53.0,85800.0,7.243243243243243,48.739495798319325,26.245142709840486,-,94690.0,90963.8,0.0,0,0,,"quot, 디앤디파마텍, 바이오, 알테오젠, jp모건, 파마리서치",10,2026-01-17 23:21,1
101,290650,엘앤씨바이오,KOSDAQ,55200.0,30.0,5.0,18.0,53.0,53400.0,3.260869565217391,26.89075630252101,49.69095124792977,-,61695.0,59774.0,5.0,0,0,,"quot, 엘앤씨바이오, 파마리서치, 리투오, 있다, 16일",10,2026-01-17 23:24,1
102,500,가온전선,KOSPI,90200.0,43.0,0.0,10.0,53.0,83100.0,7.87139689578714,57.98319327731093,29.21875476901446,-,87075.0,80324.0,0.0,0,0,,"대한전선, 가온전선, 전력망, 투자, 등은, 대한전선 가온전선",10,2026-01-17 23:24,1
103,226950,올릭스,KOSDAQ,137700.0,30.0,5.0,18.0,53.0,124500.0,9.586056644880172,10.084033613445378,21.634711154410983,-,140095.0,134112.0,5.0,0,0,,"올릭스, 올릭스는, 바이오, 디앤디파마텍, quot, 코스닥",10,2026-01-17 23:22,1
104,10120,LS ELECTRIC,KOSPI,533000.0,40.0,0.0,12.0,52.0,468000.0,12.195121951219512,49.57983193277311,23.12250024238366,-,485825.0,478790.0,0.0,0,0,,"ls, electric, ls electric, 효성중공업, hd현대일렉트릭, 전력",10,2026-01-17 23:18,1
105,336570,원텍,KOSDAQ,8090.0,35.0,5.0,12.0,52.0,7790.0,3.708281829419036,0.0,33.14230193537636,-,7815.0,7733.0,5.0,0,0,,"원텍, cb, 하향, 유니콘, 클래시스, 파마리서치",10,2026-01-17 23:28,1
106,100090,SK오션플랜트,KOSPI,20150.0,35.0,5.0,12.0,52.0,19300.0,4.218362282878412,20.16806722689076,32.33801304711343,-,20254.0,19588.0,5.0,0,0,,"quot, sk오션플랜트, msra, 있다, 해양플랜트, 현재",10,2026-01-17 23:25,1
107,4020,현대제철,KOSPI,30850.0,37.0,5.0,10.0,52.0,28700.0,6.9692058346839545,0.0,20.70441111187754,-,30600.0,30768.0,5.0,0,0,,"quot, 철강, 현대제철, 전망, 가격, 매수",10,2026-01-17 23:21,1
108,115180,큐리언트,KOSDAQ,29450.0,40.0,0.0,12.0,52.0,26600.0,9.67741935483871,42.85714285714285,20.92365736788244,-,29157.5,27940.0,0.0,0,0,,"큐리언트, 28, 지난, 16일, 있으며, quot",10,2026-01-17 23:26,1
109,214370,케어젠,KOSDAQ,73700.0,37.0,5.0,10.0,52.0,65200.0,11.533242876526458,0.0,24.030623414098557,-,68925.0,69964.0,5.0,0,0,,"케어젠, quot, 10, 상승, 다시, 삼천당제약",10,2026-01-17 23:21,1
113,60280,큐렉소,KOSDAQ,13780.0,35.0,0.0,16.0,51.0,12170.0,11.683599419448475,63.02521008403362,15.322838028414436,-,13080.0,12340.4,0.0,0,0,,"베트남, 인공관절, 큐렉소, 수술로봇, 인공관절 수술로봇, 큐비스",10,2026-01-17 23:29,1
112,475960,토모큐브,KOSDAQ,45450.0,30.0,5.0,16.0,51.0,44150.0,2.8602860286028604,36.134453781512605,48.740164981710464,-,48982.5,47693.0,5.0,0,0,,"토모큐브, quot, 바이오, 오가노이드, 종목, 1분기",10,2026-01-17 23:29,1
111,7660,이수페타시스,KOSPI,120800.0,30.0,5.0,16.0,51.0,106900.0,11.506622516556291,26.89075630252101,25.24449862803446,-,117975.0,125108.0,5.0,0,0,,"16일, 이수페타시스, 지난, 지난 종가, 종가, 122",10,2026-01-17 23:19,1
110,460930,현대힘스,KOSDAQ,19450.0,32.0,5.0,14.0,51.0,17540.0,9.820051413881748,22.689075630252105,30.65228481693564,-,18629.5,18813.2,5.0,0,0,,"힘스, 의료ai, 현대힘스, 있다, 외국인, 코스닥",10,2026-01-17 23:28,1
114,3490,대한항공,KOSPI,24300.0,33.0,5.0,12.0,50.0,21600.0,11.11111111111111,15.966386554621849,13.997896134944694,-,22572.5,22190.0,5.0,0,0,,"wtt, 탁구, 우승을, 신유빈, 대한항공, 우승",10,2026-01-17 23:19,1
116,281820,케이씨텍,KOSPI,40300.0,33.0,5.0,12.0,50.0,39750.0,1.3647642679900744,28.571428571428573,26.625337618308446,-,40335.0,39891.0,5.0,0,0,,"반도체, 케이씨텍, 관련주, 등은, 장비, 피에스케이홀딩스",10,2026-01-17 23:27,1
117,5940,NH투자증권,KOSPI,22650.0,35.0,5.0,10.0,50.0,20750.0,8.388520971302428,4.201680672268908,19.95574557874765,-,21295.0,21131.6,5.0,0,0,,"quot, 코스피, 있다, nh투자증권, 연구원은, nh투자증권 연구원은",10,2026-01-17 23:19,1
115,86790,하나금융지주,KOSPI,96400.0,35.0,5.0,10.0,50.0,91700.0,4.875518672199171,0.0,7.385537904868863,-,93970.0,93424.0,5.0,0,0,,"스테이블코인, 하나금융지주, sc제일은행, 컨소시엄은, 하나증권, 원화",10,2026-01-17 23:18,1
118,71970,HD현대마린엔진,KOSPI,90100.0,30.0,5.0,14.0,49.0,82500.0,8.435072142064373,39.49579831932773,24.91849559768412,-,91550.0,86234.0,5.0,0,0,,"포인트, 기관, 128, hd현대마린엔진, 외국인, 매출액",10,2026-01-17 23:21,1
119,94170,동운아나텍,KOSDAQ,27000.0,33.0,0.0,16.0,49.0,25300.0,6.296296296296296,77.3109243697479,25.510597351468096,-,29040.0,26680.6,0.0,0,0,,"동운아나텍, 고영, 네패스아크, 네패스, 관련주, 반도체",10,2026-01-17 23:29,1
120,30200,KT,KOSPI,53900.0,33.0,5.0,10.0,48.0,51400.0,4.638218923933209,31.09243697478992,13.53440616028382,-,52785.0,51497.0,5.0,0,0,,"마법의, kt위즈의, kt, 선곡, 으로, 마법의 으로",10,2026-01-17 23:19,1
121,89010,켐트로닉스,KOSDAQ,31450.0,32.0,0.0,16.0,48.0,29650.0,5.723370429252783,47.05882352941177,17.378867888650383,-,30497.5,31047.0,0.0,0,0,,"켐트로닉스, 31, 다산디엠씨, 삼성전자, 디와이, 포니링크",10,2026-01-17 23:30,1
124,372320,큐로셀,KOSDAQ,46750.0,33.0,0.0,14.0,47.0,45350.0,2.9946524064171123,96.63865546218489,27.504508376619693,-,47692.5,44388.0,0.0,0,0,,"큐로셀, car, 국산, 림카토, 신약, 치료제",10,2026-01-17 23:28,1
125,150,두산,KOSPI,828000.0,30.0,5.0,12.0,47.0,735000.0,11.231884057971014,34.45378151260504,27.707194739737105,-,790600.0,857080.0,5.0,0,0,,"quot, 외국인 주간, 외국인, 주간, 코스피, 상위",10,2026-01-17 23:19,1
127,11170,롯데케미칼,KOSPI,74300.0,37.0,0.0,10.0,47.0,66500.0,10.497981157469717,40.33613445378151,23.065472235544213,-,71465.0,74012.0,0.0,0,0,,"quot, 부문, 이어, 따른, 중국발 공급, 중국발",10,2026-01-17 23:21,1
123,34230,파라다이스,KOSPI,16780.0,30.0,5.0,12.0,47.0,15360.0,8.462455303933254,2.5210084033613445,28.27317107003537,-,16492.5,16814.2,5.0,0,0,,"lt, gt, gt lt, quot, 제65차, 안영석",10,2026-01-17 23:24,1
122,139480,이마트,KOSPI,83500.0,35.0,0.0,12.0,47.0,79400.0,4.910179640718563,42.01680672268908,31.128321926314246,-,83600.0,81328.0,0.0,0,0,,"홈플러스, 이마트, 1월, 롯데마트, 이마트는, 딸기",10,2026-01-17 23:22,1
126,348210,넥스틴,KOSDAQ GLOBAL,71200.0,35.0,0.0,12.0,47.0,67700.0,4.915730337078652,43.69747899159664,19.851383734318865,-,70615.0,67924.0,0.0,0,0,,"넥스틴, 반도체, 주성엔지니어링, 01, 2026 01, 2026",10,2026-01-17 23:28,1
128,375500,DL이앤씨,KOSPI,42900.0,31.0,5.0,10.0,46.0,39350.0,8.275058275058274,28.571428571428573,25.378212149849155,-,41457.5,41002.0,5.0,0,0,,"quot, dl이앤씨, 통해, 실적, 있다, gs건설",10,2026-01-17 23:24,1
129,323280,태성,KOSDAQ,39250.0,30.0,0.0,16.0,46.0,36350.0,7.388535031847134,76.47058823529412,48.97255067878327,-,43750.0,42699.0,0.0,0,0,,"스님, 동화사, 39, 태성, 덕유, 16일",10,2026-01-17 23:25,1
130,86520,에코프로,KOSDAQ GLOBAL,92600.0,30.0,0.0,16.0,46.0,87000.0,6.047516198704104,48.739495798319325,51.65538322621969,-,94595.0,93868.0,0.0,0,0,,"상승, 에코프로, 19억, 코스닥, 알테오젠, 에코프로비엠",10,2026-01-17 23:19,1
131,140860,파크시스템스,KOSDAQ GLOBAL,240000.0,28.0,5.0,12.0,45.0,214500.0,10.625,17.647058823529413,28.828056978137727,-,221500.0,226640.0,5.0,0,0,,"반도체, 파크시스템스, 기관, 코스닥, hpsp, 장비",10,2026-01-17 23:24,1
132,64260,다날,KOSDAQ,6850.0,20.0,5.0,20.0,45.0,6780.0,1.0218978102189782,0.0,20.249906615966683,-,7158.5,7005.4,5.0,0,0,,"quot, 다날, 스트로베리, 16일, 1월, 1월 16일",10,2026-01-17 23:30,1
133,68760,셀트리온제약,KOSDAQ,61800.0,30.0,5.0,10.0,45.0,60900.0,1.4563106796116505,30.252100840336134,20.02397597919035,-,61918.5,61446.0,5.0,0,0,,"셀트리온제약, 있다, 저용량, 대비, 전거래일, 전거래일 대비",10,2026-01-17 23:22,1
134,95340,ISC,KOSDAQ GLOBAL,105300.0,33.0,0.0,12.0,45.0,103200.0,1.9943019943019944,80.67226890756302,29.07174867836767,-,107965.0,100334.0,0.0,0,0,,"isc, 외국인, 반도체, 코스닥, 원익ips, 휴림로봇",10,2026-01-17 23:23,1
135,5070,코스모신소재,KOSPI,43450.0,27.0,5.0,12.0,44.0,41050.0,5.523590333716916,36.134453781512605,45.89167791227551,-,44810.0,48491.0,5.0,0,0,,"코스모신소재, 전환사채, cb, 1200억, 1200억원, 글로벌",10,2026-01-17 23:24,1
136,128940,한미약품,KOSPI,436500.0,27.0,5.0,12.0,44.0,420000.0,3.7800687285223367,36.97478991596638,45.35672106898743,-,447975.0,448140.0,5.0,0,0,,"한미약품, 김홍식, 기자, 약업신문 김홍식, 약업신문, 김홍식 기자",10,2026-01-17 23:20,1
137,373220,LG에너지솔루션,KOSPI,391000.0,34.0,0.0,10.0,44.0,358500.0,8.312020460358056,40.33613445378151,38.0418640212431,-,381425.0,417500.0,0.0,0,0,,"조지아주, 배터리, 지난해, 공장, 합작, lg에너지솔루션",10,2026-01-17 23:17,1
138,4990,롯데지주,KOSPI,27850.0,34.0,0.0,10.0,44.0,24950.0,10.412926391382406,56.30252100840336,37.184233912551456,-,26962.5,28425.0,0.0,0,0,,"quot, 롯데지주, 신유열, 신동빈, 있다, amp",10,2026-01-17 23:22,1
141,89970,브이엠,KOSDAQ,26700.0,20.0,5.0,18.0,43.0,26100.0,2.247191011235955,31.09243697478992,20.181429152332395,-,28780.0,26958.0,5.0,0,0,,"브이엠, 반도체, 규모, sk하이닉스와, 계약, 제조장비",10,2026-01-17 23:28,1
142,389470,인벤티지랩,KOSDAQ,80600.0,25.0,0.0,18.0,43.0,75500.0,6.327543424317618,77.3109243697479,11.285447354469389,-,82430.0,75806.0,0.0,0,0,,"인벤티지랩, 전환청구권, cb, quot, 탈모, 펩트론",10,2026-01-17 23:26,1
140,39200,오스코텍,KOSDAQ,43950.0,27.0,0.0,16.0,43.0,42250.0,3.8680318543799777,65.54621848739495,44.93657269441604,-,45707.5,51165.0,0.0,0,0,,"오스코텍, quot, 코스닥, 타우, 글로벌, 등은",10,2026-01-17 23:24,1
139,5690,파미셀,KOSPI,13200.0,27.0,0.0,16.0,43.0,12990.0,1.5909090909090908,54.6218487394958,49.33745648545033,-,14411.5,16086.4,0.0,0,0,,"13, 파미셀, 지난 종가, 지난, 종가, 장중",10,2026-01-17 23:27,1
143,105560,KB금융,KOSPI,130900.0,32.0,0.0,10.0,42.0,122300.0,6.5699006875477455,40.33613445378151,17.962830318859663,-,126110.0,126120.0,0.0,0,0,,"quot, 소상공인, 소상공인 pop, pop, up, up festa",10,2026-01-17 23:17,1
144,120110,코오롱인더,KOSPI,43650.0,30.0,0.0,12.0,42.0,40850.0,6.414662084765177,42.01680672268908,20.534423357168794,-,44607.5,42968.0,0.0,0,0,,"태양광, 설비, 발전, 발전 설비, 태양광 발전, 구미공장에",10,2026-01-17 23:25,1
145,229640,LS에코에너지,KOSPI,37300.0,32.0,0.0,10.0,42.0,34200.0,8.310991957104557,93.27731092436974,16.31348654151522,-,35745.0,36583.0,0.0,0,0,,"ls에코에너지, 희토류, 16일, ls, 1월 16일, 1월",10,2026-01-17 23:25,1
146,220100,퓨쳐켐,KOSDAQ,24700.0,24.0,0.0,18.0,42.0,23550.0,4.65587044534413,68.90756302521008,34.366929454729345,-,28715.0,29039.0,0.0,0,0,,"quot, 방사성의약품을, 국내, 퓨쳐켐, 개발, 중이다",10,2026-01-17 23:30,1
147,51910,LG화학,KOSPI,333500.0,27.0,5.0,10.0,42.0,307500.0,7.796101949025487,19.327731092436974,49.96104025869656,-,333625.0,362980.0,5.0,0,0,,"lg화학, 석유화학, 4분기, 등이, 회장, quot",10,2026-01-17 23:18,1
148,25980,아난티,KOSDAQ,7890.0,28.0,0.0,14.0,42.0,7540.0,4.435994930291509,42.01680672268908,21.572526962023364,-,7783.0,7491.6,0.0,0,0,,"구좌읍, 아난티, 제주, 제주시, 제주시 구좌읍, 이천",10,2026-01-17 23:28,1
149,6280,녹십자,KOSPI,160300.0,30.0,0.0,12.0,42.0,152300.0,4.990642545227699,100.0,22.92169873950664,-,160635.0,147004.0,0.0,0,0,,"4분기, 바이오, 약업신문, 약업신문 김홍식, 김홍식, 녹십자",10,2026-01-17 23:23,1
150,1450,현대해상,KOSPI,26800.0,30.0,0.0,12.0,42.0,26100.0,2.6119402985074625,81.5126050420168,50.19019069278095,-,29350.0,29227.0,0.0,0,0,,"현대해상, 삼성화재, 각각, db손해보험, 맘스홀릭베이비페어, 2026 맘스홀릭베이비페어",10,2026-01-17 23:22,1
151,139130,iM금융지주,KOSPI,14110.0,30.0,0.0,12.0,42.0,13970.0,0.9922041105598866,54.6218487394958,43.49624359979505,-,14930.5,14516.8,0.0,0,0,,"스테이블코인, sc제일은행, 원화, 하나금융, 등과, 지배구조",10,2026-01-17 23:23,1
152,24110,기업은행,KOSPI,20500.0,27.0,5.0,10.0,42.0,20250.0,1.2195121951219512,31.932773109243698,34.03935187798059,-,20820.0,20633.4,5.0,0,0,,"quot, 14시, 오전, 50, 경기, 최고",10,2026-01-17 23:18,1
153,389650,넥스트바이오메디컬,KOSDAQ,80900.0,25.0,0.0,16.0,41.0,78700.0,2.719406674907293,73.10924369747899,14.60110641621919,-,85460.0,79972.0,0.0,0,0,,"넥스트바이오메디컬, 클라쓰, 바이오, 389650, 넥스트바이오메디컬 389650, 실적",10,2026-01-17 23:28,1
154,35420,NAVER,KOSPI,245500.0,24.0,5.0,12.0,41.0,243500.0,0.8146639511201629,5.042016806722689,38.27882576908526,-,245550.0,249890.0,5.0,0,0,,"인천, 한국정경신문, 박용일, naver com, naver, com",10,2026-01-17 23:17,1
158,69620,대웅제약,KOSPI,164200.0,30.0,0.0,10.0,40.0,160400.0,2.3142509135200973,74.78991596638656,48.857658871522126,-,172485.0,171812.0,0.0,0,0,,"대웅제약, quot, 신신제약, 신신제약 대웅제약, 대원제약, 신약",10,2026-01-17 23:23,1
159,111770,영원무역,KOSPI,84500.0,30.0,0.0,10.0,40.0,78500.0,7.100591715976331,74.78991596638656,24.810955870373583,-,85100.0,82988.0,0.0,0,0,,"숙명여대, 글로벌, 영원무역과, sookmyung, 영원무역과 함께하는, 함께하는",10,2026-01-17 23:21,1
157,8770,호텔신라,KOSPI,46500.0,25.0,5.0,10.0,40.0,43450.0,6.559139784946237,9.243697478991596,24.88281934995593,-,45180.0,45749.0,5.0,0,0,,"사장, 이부진, 갈라, 호텔신라, 이부진 호텔신라, 것으로",10,2026-01-17 23:23,1
156,145020,휴젤,KOSDAQ GLOBAL,242000.0,23.0,5.0,12.0,40.0,219000.0,9.50413223140496,26.89075630252101,18.142756679195337,-,233050.0,228740.0,5.0,0,0,,"글로벌, 휴젤, 알테오젠, 에스테틱, 휴젤은, quot",10,2026-01-17 23:21,1
155,60370,LS마린솔루션,KOSDAQ,28700.0,23.0,5.0,12.0,40.0,28300.0,1.3937282229965158,33.61344537815126,28.45201768529548,-,29917.5,28879.0,5.0,0,0,,"ls, quot, 중복상장, 자회사, ls마린솔루션, ipo",10,2026-01-17 23:24,1
160,3670,포스코퓨처엠,KOSPI,188700.0,24.0,5.0,10.0,39.0,172500.0,8.585055643879173,14.285714285714286,36.2068914878741,-,189940.0,201302.0,5.0,0,0,,"양극재, 포스코퓨처엠, 광양 양극재, 광양, 단체, 전구체",10,2026-01-17 23:18,1
161,417200,LS머트리얼즈,KOSDAQ,12770.0,25.0,0.0,14.0,39.0,12310.0,3.6021926389976504,57.142857142857146,12.20719439344074,-,12851.0,12643.4,0.0,0,0,,"12, ls머트리얼즈, 네이버페이, ipo, ls electric, ls",10,2026-01-17 23:27,1
162,450080,에코프로머티,KOSPI,54300.0,24.0,5.0,10.0,39.0,50400.0,7.18232044198895,34.45378151260504,37.83790786616337,-,54640.0,58118.0,5.0,0,0,,"그래픽 오인경, 오인경, 그래픽, 에코프로머티, 배터리, 상신이디피",10,2026-01-17 23:21,1
163,195940,HK이노엔,KOSDAQ GLOBAL,46950.0,20.0,5.0,14.0,39.0,44900.0,4.366347177848776,14.285714285714286,26.628115638945847,-,50472.5,50760.0,5.0,0,0,,"신약, 케이캡, 미국, hk이노엔, cab, fda",10,2026-01-17 23:25,1
164,247540,에코프로비엠,KOSDAQ GLOBAL,145800.0,24.0,5.0,10.0,39.0,139200.0,4.526748971193416,4.201680672268908,35.206335035963306,-,151650.0,154898.0,5.0,0,0,,"quot, 코스피, 에코프로비엠, 상승, 에코프로, 레인보우로보틱스",10,2026-01-17 23:19,1
165,322000,HD현대에너지솔루션,KOSPI,56900.0,25.0,0.0,14.0,39.0,52100.0,8.43585237258348,44.53781512605042,19.20840058245215,-,57345.0,56268.0,0.0,0,0,,"hd현대에너지솔루션, ipo, 태양광, hd현대로보틱스, hd현대로보틱스 ipo, 실적",10,2026-01-17 23:29,1
166,41510,에스엠,KOSDAQ GLOBAL,112300.0,25.0,0.0,14.0,39.0,110700.0,1.4247551202137132,59.66386554621849,35.499608788653006,-,120020.0,110204.0,0.0,0,0,,"에스엠, 드림, 최대주주등, 반도체, 자회사, 피날레",10,2026-01-17 23:22,1
173,11790,SKC,KOSPI,106000.0,27.0,0.0,10.0,37.0,101600.0,4.150943396226415,46.21848739495798,21.038338741973444,-,105785.0,110104.0,0.0,0,0,,"반도체, skc는, 유리기판, 기판, up, skc가",10,2026-01-17 23:21,1
178,96770,SK이노베이션,KOSPI,105400.0,27.0,0.0,10.0,37.0,99300.0,5.787476280834915,54.6218487394958,46.212099789593445,-,104235.0,111806.0,0.0,0,0,,"skt, 폐배터리, quot, sk이노베이션, sk, ai",10,2026-01-17 23:18,1
177,326030,SK바이오팜,KOSPI,120400.0,27.0,0.0,10.0,37.0,118000.0,1.9933554817275747,63.02521008403362,47.56939927273629,-,125230.0,128302.0,0.0,0,0,,"quot, 임상, sk바이오팜, 셀트리온, 바이오, 신약",10,2026-01-17 23:19,1
176,65350,신성델타테크,KOSDAQ,57900.0,20.0,5.0,12.0,37.0,53200.0,8.117443868739207,31.09243697478992,17.35074989236394,-,57450.0,57488.0,5.0,0,0,,"신성델타테크, 1년, 시총, 엔켐, 시총이, 국내",10,2026-01-17 23:24,1
175,175330,JB금융지주,KOSPI,23950.0,27.0,0.0,10.0,37.0,23800.0,0.6263048016701461,52.10084033613445,30.4759997324482,-,25075.0,24523.0,0.0,0,0,,"지배구조, quot, jb금융지주, 우리금융지주, 이달, 있다",10,2026-01-17 23:20,1
174,810,삼성화재,KOSPI,486500.0,27.0,0.0,10.0,37.0,466000.0,4.213771839671121,64.70588235294117,41.65526426801524,-,487125.0,491270.0,0.0,0,0,,"25, ok저축은행은, quot, v리그, 삼성화재에, 세트",10,2026-01-17 23:18,1
168,214450,파마리서치,KOSDAQ GLOBAL,420500.0,18.0,5.0,14.0,37.0,410000.0,2.4970273483947683,39.49579831932773,27.52525766831327,-,416850.0,425970.0,5.0,0,0,,"파마리서치, quot, 바이오, 파마리서치바이오, 한편, 디앤디파마텍",10,2026-01-17 23:20,1
172,32640,LG유플러스,KOSPI,14930.0,27.0,0.0,10.0,37.0,14140.0,5.291359678499665,53.78151260504202,24.772036200229543,-,14900.5,15181.6,0.0,0,0,,"계약학과, lg유플러스, 지난해, 해킹, 증가한, 현대자동차",10,2026-01-17 23:20,1
169,30000,제일기획,KOSPI,20800.0,27.0,0.0,10.0,37.0,20150.0,3.125,56.30252100840336,67.1950835798133,-,21535.0,22016.0,0.0,0,0,,"광고, 상장기업, 광고 상장기업, 1월, 브랜드평판, 제일기획",10,2026-01-17 23:22,1
167,376300,디어유,KOSDAQ,33600.0,18.0,5.0,14.0,37.0,33400.0,0.5952380952380952,19.327731092436974,46.67803828646338,-,37092.5,34697.0,5.0,0,0,,"quot, 실적, 플랫폼, 디어유, 중국, 노머스",10,2026-01-17 23:27,1
171,237690,에스티팜,KOSDAQ GLOBAL,122400.0,25.0,0.0,12.0,37.0,112500.0,8.088235294117647,83.19327731092437,16.985864179981018,-,124890.0,116192.0,0.0,0,0,,"에스티팜, 동아에스티, 대비, 전거래일 대비, 전거래일, mrna",10,2026-01-17 23:22,1
170,302440,SK바이오사이언스,KOSPI,48800.0,27.0,0.0,10.0,37.0,46800.0,4.098360655737705,47.05882352941177,46.942437371152494,-,49065.0,51740.0,0.0,0,0,,"sk바이오사이언스, 삼성바이오로직스, 한미약품, 역시, sk, 1월",10,2026-01-17 23:21,1
180,33780,KT&G,KOSPI,142300.0,20.0,5.0,10.0,35.0,140000.0,1.6163035839775124,33.61344537815126,22.831368769947847,-,143510.0,142670.0,5.0,0,0,,"quot, amp, kt amp, kt, 소송, 상대로",10,2026-01-17 23:18,1
181,475150,SK이터닉스,KOSPI,20150.0,18.0,5.0,12.0,35.0,19890.0,1.2903225806451613,0.0,22.068890990424737,-,21001.5,20131.6,5.0,0,0,,"sk이터닉스, quot, 관련주, 태양광, 한화, 20",10,2026-01-17 23:28,1
182,356860,티엘비,KOSDAQ,58300.0,12.0,5.0,18.0,35.0,54500.0,6.518010291595197,10.084033613445378,16.76408254473403,-,59125.0,63186.0,5.0,0,0,,"월드클래스기업협회, quot, 티엘비, 유니테크, 대성하이텍, 테크로스 티엘비",10,2026-01-17 23:29,1
179,32350,롯데관광개발,KOSPI,20900.0,23.0,0.0,12.0,35.0,20250.0,3.110047846889952,52.94117647058823,26.48623322817505,-,21930.0,21201.2,0.0,0,0,,"김기병, 롯데관광개발, 김한준, 주식, 차남, 회장",10,2026-01-17 23:24,1
183,35900,JYP Ent.,KOSDAQ GLOBAL,68700.0,18.0,0.0,16.0,34.0,68400.0,0.4366812227074235,84.03361344537815,54.02512064876546,-,70925.0,69630.0,0.0,0,0,,"69, jyp, jyp ent, ent, quot, 등이",10,2026-01-17 23:22,1
184,310210,보로노이,KOSDAQ,196000.0,17.0,5.0,12.0,34.0,187000.0,4.591836734693878,0.0,21.773269126384957,-,210925.0,219170.0,5.0,0,0,,"보로노이, 대비, 알테오젠, 전거래일 대비, 전거래일, 보로노이는",10,2026-01-17 23:21,1
185,5830,DB손해보험,KOSPI,123800.0,17.0,5.0,10.0,32.0,120600.0,2.5848142164781907,35.294117647058826,22.758611241807785,-,125710.0,126616.0,5.0,0,0,,"db손해보험, 각각, 계열사, 삼성화재, 현대해상, quot",10,2026-01-17 23:19,1
186,9830,한화솔루션,KOSPI,28650.0,20.0,0.0,12.0,32.0,25700.0,10.296684118673648,42.85714285714285,12.846844520443442,-,27362.5,27528.0,0.0,0,0,,"한화, 조선, 방산, 한화오션, 한화솔루션, 방산 조선",10,2026-01-17 23:20,1
188,112040,위메이드,KOSDAQ,26400.0,18.0,0.0,12.0,30.0,24000.0,9.090909090909092,41.1764705882353,25.12082514398216,-,26297.5,26740.0,0.0,0,0,,"미드나잇, 위메이드, 미드나잇 워커스, 워커스, 등이, 위메이드맥스",10,2026-01-17 23:26,1
189,21240,코웨이,KOSPI,76100.0,15.0,5.0,10.0,30.0,75300.0,1.0512483574244416,31.932773109243698,55.27601939968166,-,84055.0,86514.0,5.0,0,0,,"테라솔, 의료기기, 가정용, 가정용 의료기기, 요실금, 코웨이",10,2026-01-17 23:20,1
187,90430,아모레퍼시픽,KOSPI,121400.0,15.0,5.0,10.0,30.0,116400.0,4.118616144975288,12.605042016806722,20.281428108156764,-,120880.0,123532.0,5.0,0,0,,"샤인, 틴티드 샤인, 센슈얼, 틴티드, 센슈얼 틴티드, 세럼",10,2026-01-17 23:19,1
190,241710,코스메카코리아,KOSDAQ,66700.0,12.0,5.0,12.0,29.0,64200.0,3.748125937031484,1.680672268907563,9.823797182567942,-,68370.0,69800.0,5.0,0,0,,"화장품, 코스메카코리아, 브랜드평판, 상장기업, 아모레퍼시픽, 화장품 상장기업",10,2026-01-17 23:28,1
191,328130,루닛,KOSDAQ,38900.0,15.0,0.0,14.0,29.0,37250.0,4.241645244215938,68.90756302521008,34.6267698940208,-,40685.0,39786.0,0.0,0,0,,"유동근, 루닛, 유동근 루닛, kaist, caio, 혁신창업",10,2026-01-17 23:25,1
192,228760,지노믹트리,KOSDAQ,26200.0,15.0,0.0,14.0,29.0,25400.0,3.0534351145038165,40.33613445378151,15.667764226118225,-,28125.0,26636.0,0.0,0,0,,"bcd, plus, bcd plus, 지노믹트리, 얼리텍, 방광암",10,2026-01-17 23:29,1
193,35720,카카오,KOSPI,57300.0,12.0,5.0,12.0,29.0,57100.0,0.3490401396160558,13.445378151260504,13.530142174546729,-,59265.0,59940.0,5.0,0,0,,"계약학과, 카카오엔터프라이즈, 대기업 계약학과, 대기업, ai, 하이트진로",10,2026-01-17 23:18,1
194,294870,HDC현대산업개발,KOSPI,20550.0,13.0,5.0,10.0,28.0,20100.0,2.18978102189781,37.81512605042017,18.29125455626236,-,20915.0,20123.8,5.0,0,0,,"hdc현대산업개발, quot, 더샵, ai, 대표, 민주당",10,2026-01-17 23:24,1
201,161890,한국콜마,KOSPI,63900.0,10.0,5.0,12.0,27.0,61700.0,3.442879499217528,16.80672268907563,14.410684634146149,-,63300.0,64932.0,5.0,0,0,,"화장품, 2026년, 1월, 아모레퍼시픽, 상장기업, 브랜드평판",10,2026-01-17 23:24,1
205,383220,F&F,KOSPI,65900.0,17.0,0.0,10.0,27.0,61400.0,6.828528072837632,59.66386554621849,44.76793279658652,-,69530.0,70988.0,0.0,0,0,,"아홉, dn, amp, 세부, up, 000",10,2026-01-17 23:22,1
204,213420,덕산네오룩스,KOSDAQ GLOBAL,35500.0,10.0,5.0,12.0,27.0,35000.0,1.4084507042253522,2.5210084033613445,26.73541663599687,-,37167.5,38649.0,5.0,0,0,,"덕산네오룩스, 이녹스첨단소재, 있다, 선익시스템, 하락, 피엔에치이테크 신도기연",10,2026-01-17 23:27,1
203,100,유한양행,KOSPI,107900.0,17.0,0.0,10.0,27.0,106300.0,1.4828544949026876,50.42016806722689,42.65478977118067,-,113045.0,115920.0,0.0,0,0,,"모발, 유한양행, 모큐락, 모발 유산균, 유산균, 유산균 모큐락",10,2026-01-17 23:19,1
202,112610,씨에스윈드,KOSPI,40800.0,15.0,0.0,12.0,27.0,39000.0,4.411764705882353,61.34453781512605,42.976220780945255,-,41912.5,42448.0,0.0,0,0,,"구조물, 씨에스윈드, 정정, 규모, 풍력발전기 구조물, 풍력발전기",10,2026-01-17 23:24,1
199,7390,네이처셀,KOSDAQ,20100.0,12.0,5.0,10.0,27.0,19800.0,1.4925373134328357,13.445378151260504,39.90979520567976,-,21395.0,22956.0,5.0,0,0,,"네이처셀, 에스엘테라퓨틱스, 메디톡스, 20, 네이처셀은, 텔콘rf제약",10,2026-01-17 23:25,1
200,36460,한국가스공사,KOSPI,39050.0,17.0,0.0,10.0,27.0,38000.0,2.6888604353393086,45.37815126050421,53.75010212824106,-,39547.5,40745.0,0.0,0,0,,"quot, 아시아, 올스타전, 서울, 전야제, 한국가스공사",10,2026-01-17 23:21,1
197,281740,레이크머티리얼즈,KOSDAQ,13970.0,15.0,0.0,12.0,27.0,13780.0,1.3600572655690766,53.78151260504202,16.785315761653113,-,14739.0,14325.0,0.0,0,0,,"레이크머티리얼즈, 반도체, 있다, 재료, 반도체 재료, 소재",10,2026-01-17 23:26,1
196,3230,삼양식품,KOSPI,1195000.0,10.0,5.0,12.0,27.0,1130000.0,5.439330543933055,7.563025210084033,28.57918855554484,-,1233500.0,1290780.0,5.0,0,0,,"불닭, 삼양식품, 할랄, 소스, 협의체, 글로벌",10,2026-01-17 23:19,1
195,257720,실리콘투,KOSDAQ,42050.0,10.0,5.0,12.0,27.0,39650.0,5.707491082045184,33.61344537815126,18.492200891855894,-,40867.5,42335.0,5.0,0,0,,"시놉시스, ip, 거래를, sassine, 강화에 집중하고, 집중하고",10,2026-01-17 23:22,1
198,78600,대주전자재료,KOSDAQ,59400.0,15.0,0.0,12.0,27.0,58900.0,0.8417508417508417,100.0,67.46988629183791,-,63570.0,69840.0,0.0,0,0,,"시장, 대주전자재료, quot, 배터리, 있다, 소재",10,2026-01-17 23:26,1
206,11200,HMM,KOSPI,20000.0,11.0,5.0,10.0,26.0,19640.0,1.7999999999999998,0.8403361344537815,26.132375068134827,-,20333.0,20016.6,5.0,0,0,,"대표, hmm, 아비커스, 자율운항, hd한국조선해양, 대표 hmm",10,2026-01-17 23:18,1
207,141080,리가켐바이오,KOSDAQ GLOBAL,166800.0,12.0,0.0,14.0,26.0,157000.0,5.875299760191846,41.1764705882353,16.68881995340725,-,172840.0,174702.0,0.0,0,0,,"바이오, 리가켐바이오, 상승, 코스닥, 펩트론, 글로벌",10,2026-01-17 23:20,1
210,251270,넷마블,KOSPI,50100.0,10.0,5.0,10.0,25.0,47650.0,4.890219560878244,31.932773109243698,15.773692881675458,-,49297.5,51142.0,5.0,0,0,,"일곱, 개의, 대죄, 일곱 개의, 개의 대죄, 넷마블",10,2026-01-17 23:21,1
211,51900,LG생활건강,KOSPI,264500.0,15.0,0.0,10.0,25.0,256500.0,3.0245746691871456,64.70588235294117,20.887201074936936,-,263200.0,273740.0,0.0,0,0,,"글로벌, 사업, 아모레퍼시픽, 화장품, 스타트업, 1월",10,2026-01-17 23:21,1
212,6360,GS건설,KOSPI,19090.0,8.0,5.0,12.0,25.0,18450.0,3.352540597171294,36.97478991596638,23.144312104014748,-,19307.5,19171.4,5.0,0,0,,"quot, 창원자이, 스카이, 창원자이 스카이, gs건설, gs건설은",10,2026-01-17 23:24,1
209,88980,맥쿼리인프라,KOSPI,11270.0,15.0,0.0,10.0,25.0,11040.0,2.0408163265306123,100.0,61.9992070672635,-,11305.0,11422.8,0.0,0,0,,"11, 지난, 네이버페이, 맥쿼리인프라, 지난 종가, 종가",10,2026-01-17 23:20,1
208,4370,농심,KOSPI,412500.0,10.0,5.0,10.0,25.0,400500.0,2.909090909090909,20.16806722689076,26.712313564819286,-,423600.0,433250.0,5.0,0,0,,"그룹, 유럽, 성장한, 농심, 피어엑스, 미국",10,2026-01-17 23:22,1
213,138040,메리츠금융지주,KOSPI,105400.0,8.0,5.0,10.0,23.0,99700.0,5.407969639468691,36.134453781512605,25.985291715037917,-,107650.0,110154.0,5.0,0,0,,"quot, 한국금융지주, 대비, 메리츠금융지주, 상향, 거래일",10,2026-01-17 23:18,1
214,358570,지아이이노베이션,KOSDAQ,14110.0,8.0,0.0,14.0,22.0,13300.0,5.740609496810772,85.71428571428571,26.83525384796481,-,16439.5,17355.4,0.0,0,0,,"지아이이노베이션, 주식, 장명호, quot, 15일, 13",10,2026-01-17 23:26,1
215,443060,HD현대마린솔루션,KOSPI,189600.0,7.0,0.0,12.0,19.0,180500.0,4.799578059071729,92.43697478991596,22.667608056462257,-,192410.0,199112.0,0.0,0,0,,"포인트, 외국인, 자회사, ls, 사업, 한화오션",10,2026-01-17 23:19,1
216,87010,펩트론,KOSDAQ,233000.0,2.0,0.0,14.0,16.0,224000.0,3.862660944206009,58.8235294117647,15.305290018540507,-,244450.0,276220.0,0.0,0,0,,"10, 펩트론, 상승, 삼천당제약, 알테오젠, 코스피",10,2026-01-17 23:20,1
217,323410,카카오뱅크,KOSPI,21350.0,0.0,5.0,10.0,15.0,21100.0,1.1709601873536302,0.0,10.770435864685057,-,21642.5,21688.0,5.0,0,0,,"정기예금, 카카오뱅크, 카카오, 기준, quot, 카카오페이",10,2026-01-17 23:19,1
218,377300,카카오페이,KOSPI,48600.0,0.0,5.0,10.0,15.0,47200.0,2.880658436213992,10.92436974789916,19.128562534276465,-,48772.5,49322.0,5.0,0,0,,"카카오페이, 결제, 스테이블코인, 할인, 혜택도, 제공한다",10,2026-01-17 23:20,1
219,33500,동성화인텍,KOSDAQ,26750.0,2.0,0.0,12.0,14.0,23950.0,10.46728971962617,66.38655462184875,13.546150318826903,-,26870.0,27339.0,0.0,0,0,,"동성화인텍, 29, lng, 네오위즈, 12일, 86점",10,2026-01-17 23:27,1
220,348370,엔켐,KOSDAQ,62900.0,0.0,0.0,12.0,12.0,60900.0,3.1796502384737675,90.7563025210084,12.721284250879563,-,64320.0,68658.0,0.0,0,0,,"엔켐, 등이, 전기차, 2차전지주, 솔브레인, 코스닥",10,2026-01-17 23:24,1
221,82270,젬백스,KOSDAQ,23500.0,0.0,0.0,12.0,12.0,22800.0,2.9787234042553195,100.0,17.87726517695888,-,26695.0,32300.0,0.0,0,0,,"23, 젬백스, 16일, 장중, 주가는, 1월",10,2026-01-17 23:26,1
222,97950,CJ제일제당,KOSPI,208500.0,0.0,0.0,10.0,10.0,200000.0,4.07673860911271,59.66386554621849,10.559014037321726,-,208900.0,213630.0,0.0,0,0,,"quot, cj제일제당, 할랄, 스낵, 선물세트, 협의체",10,2026-01-17 23:21,1
223,259960,크래프톤,KOSPI,234000.0,0.0,0.0,10.0,10.0,227500.0,2.7777777777777777,58.8235294117647,17.433203845893523,-,241000.0,249690.0,0.0,0,0,,"크래프톤, quot, 배틀그라운드, 에디션, 크래프톤은, 모바일",10,2026-01-17 23:19,1
