rank,code,name,market,mktcap,sector,close,trend_score,pattern_score,volume_score,supply_score,risk_score,total_score,stop,risk_pct,bbw_pct,adx,setup,ma20,ma60,bb_upper,door_knock,squeeze,memory_near,trigger_score,liq_score,foreign_consec_buy,foreign_net_5d,inst_net_5d,scan_date,chunk,keywords,news_count
1,007690,국도화학,KOSPI,322276953600,기타,34800.0,20.0,30.0,15.0,15,5.0,85.0,31300.0,10.057471264367816,5.882352941176471,21.618101921485728,R,33142.5,32437.0,34975.59302466398,True,True,True,30.0,15.0,5,449638700.0,599676100.0,2026-01-19 12:45,2,,0
2,035510,신세계 I&C,KOSPI,238374345000,기타,17050.0,20.0,30.0,20.0,9,5.0,84.0,15310.0,10.205278592375366,6.722689075630252,29.632747181694832,R,16504.5,16602.2,17802.707335420804,True,True,True,30.0,20.0,2,1565248260.0,497567500.0,2026-01-19 12:45,2,,0
3,000490,대동,KOSPI,291727873800,기타,10120.0,18.0,30.0,13.0,12,7.0,80.0,9200.0,9.090909090909092,3.361344537815126,18.919530431455797,R,9670.5,9571.2,10145.872995952595,True,True,True,30.0,13.0,3,973407030.0,25676880.0,2026-01-19 12:45,2,,0
4,338840,와이바이오로직스,KOSDAQ,413602707250,기타,27250.0,20.0,30.0,12.0,5,9.0,76.0,25070.0,8.0,14.285714285714286,16.168218185455046,R,24575.0,24452.0,28356.64668212607,True,True,True,30.0,12.0,2,4766622050.0,-2085749700.0,2026-01-19 12:45,2,,0
5,199430,케이엔알시스템,KOSDAQ,355236788900,기타,32300.0,22.0,20.0,20.0,5,9.0,76.0,29716.0,8.0,8.403361344537815,22.00826936109841,A,26932.5,25938.0,32417.45462030109,True,True,False,20.0,20.0,1,2464230500.0,-30200.0,2026-01-19 12:45,2,,0
6,210980,SK디앤디,KOSPI,237185446680,기타,12740.0,20.0,30.0,12.0,4,10.0,76.0,12570.0,1.3343799058084773,8.403361344537815,50.855424639652234,R,12834.0,12727.2,13071.032949733873,True,True,True,30.0,12.0,0,-328870750.0,492602690.0,2026-01-19 12:45,2,,0
7,474170,루미르,KOSDAQ,217197714240,기타,12190.0,25.0,20.0,12.0,7,9.0,73.0,11214.800000000001,8.0,100.0,81.06122145309928,A,10742.0,9125.2,12354.03975364997,True,False,True,20.0,12.0,0,1464344720.0,368127700.0,2026-01-19 12:45,2,,0
8,282880,코윈테크,KOSDAQ,207939678100,기타,18130.0,22.0,20.0,12.0,9,9.0,72.0,16679.600000000002,8.0,50.42016806722689,22.6967401416229,A,16112.75,15663.04,17943.581238479142,True,False,True,20.0,12.0,2,1638545680.0,15460600.0,2026-01-19 12:45,2,,0
9,211270,AP위성,KOSDAQ,227591967360,기타,15090.0,23.0,20.0,12.0,9,7.0,71.0,13650.0,9.542743538767395,100.0,65.77057308686082,A,13693.0,12275.4,14985.04787344433,True,False,True,20.0,12.0,1,1823673770.0,970845190.0,2026-01-19 12:45,2,,0
10,451760,컨텍,KOSDAQ,217496314960,기타,14260.0,25.0,20.0,12.0,9,5.0,71.0,12540.0,12.0617110799439,100.0,75.53969341614665,A,12527.0,9903.4,14232.857152799319,True,False,True,20.0,12.0,1,23913820.0,2641435720.0,2026-01-19 12:45,2,,0
11,053610,프로텍,KOSDAQ,401500000000,기타,36500.0,23.0,20.0,12.0,6,9.0,70.0,34250.0,6.164383561643835,25.210084033613445,28.56095431431885,A,34932.5,34277.0,37381.12143480529,True,False,True,20.0,12.0,1,-638111600.0,334254600.0,2026-01-19 12:45,2,,0
12,244920,에이플러스에셋,KOSPI,248232469140,기타,10980.0,23.0,10.0,12.0,15,9.0,69.0,10101.6,8.0,100.0,25.530159501254825,B,9609.5,8582.2,11117.270039585632,True,False,False,10.0,12.0,5,6111463780.0,620386000.0,2026-01-19 12:45,2,,0
13,001940,KISCO홀딩스,KOSPI,374256432000,기타,26400.0,19.0,30.0,5.0,6,9.0,69.0,24750.0,6.25,10.084033613445378,21.201978897434664,R,25645.0,26021.0,27152.434571234156,True,True,True,30.0,5.0,1,-155238700.0,1274964000.0,2026-01-19 12:45,2,,0
14,007860,서연,KOSPI,258278284000,기타,11000.0,25.0,10.0,18.0,7,9.0,69.0,10120.0,8.0,43.69747899159664,51.78254641040032,B,9790.5,9649.0,10422.388703752968,False,False,True,10.0,18.0,0,392049020.0,378816460.0,2026-01-19 12:45,2,,0
15,230360,에코마케팅,KOSDAQ,493500227360,기타,15920.0,25.0,20.0,10.0,4,10.0,69.0,15890.0,0.18844221105527637,75.63025210084034,65.20881163332213,A,13912.5,12176.4,15838.899306831181,True,False,True,20.0,10.0,0,-7097774670.0,11882530500.0,2026-01-19 12:45,2,,0
16,170920,엘티씨,KOSDAQ,235051803500,기타,22250.0,25.0,20.0,10.0,4,9.0,68.0,20750.0,6.741573033707865,56.30252100840336,62.309233815248454,A,20656.0,18628.8,23317.996806968145,True,False,True,20.0,10.0,0,-5424633950.0,1417798050.0,2026-01-19 12:45,2,,0
17,058430,포스코스틸리온,KOSPI,248100000000,기타,41350.0,21.0,20.0,13.0,9,5.0,68.0,35850.0,13.301088270858525,42.016806722689076,29.40633614216299,A,38882.5,38481.0,40811.97286674578,True,False,True,20.0,13.0,2,1039640050.0,277843200.0,2026-01-19 12:45,2,,0
18,014830,유니드,KOSPI,474408760000,기타,70100.0,15.0,30.0,5.0,9,9.0,68.0,64600.0,7.845934379457916,3.361344537815126,23.67442574886158,R,68475.0,67252.0,72513.53921806441,True,True,True,30.0,5.0,1,333611200.0,708433500.0,2026-01-19 12:45,2,,0
19,003920,남양유업,KOSPI,306600000000,기타,51100.0,10.0,20.0,17.0,11,10.0,68.0,49050.0,4.011741682974559,0.0,18.88803172787117,A,50485.0,50697.0,53900.32978414219,False,True,True,20.0,17.0,5,286304300.0,-144811500.0,2026-01-19 12:45,2,,0
20,080160,모두투어,KOSDAQ,201096000000,기타,10640.0,10.0,30.0,10.0,8,9.0,67.0,9820.0,7.7067669172932325,0.0,17.127249107418738,R,10223.5,10366.8,11172.494725718014,True,True,True,30.0,10.0,4,741096670.0,-344028350.0,2026-01-19 12:45,2,,0
21,126700,하이비젼시스템,KOSDAQ,244154110080,기타,16340.0,20.0,20.0,5.0,12,9.0,66.0,15110.0,7.527539779681762,41.1764705882353,14.695626421827054,A,15928.5,15618.0,16613.142056944638,True,False,True,20.0,5.0,4,1482368660.0,181923680.0,2026-01-19 12:45,2,,0
22,371950,풍원정밀,KOSDAQ,288720861520,기타,12740.0,23.0,10.0,15.0,9,9.0,66.0,11720.800000000001,8.0,100.0,54.157743353724115,B,10635.5,9970.6,12037.628335996294,False,False,True,10.0,15.0,1,587282550.0,1000294140.0,2026-01-19 12:45,2,,0
23,034950,한국기업평가,KOSDAQ,441792012200,기타,97300.0,12.0,30.0,12.0,2,10.0,66.0,96000.0,1.3360739979445015,5.882352941176471,49.551922652591365,R,98435.0,98918.0,100869.85945690754,True,True,True,30.0,12.0,2,-89370600.0,-329341700.0,2026-01-19 12:45,2,,0
24,200710,에이디테크놀로지,KOSDAQ,457659989100,기타,34050.0,24.0,20.0,12.0,4,5.0,65.0,30250.0,11.16005873715125,78.15126050420169,35.04117976199466,A,31407.5,28042.0,35251.634685207086,True,False,True,20.0,12.0,0,-13624396600.0,29317450.0,2026-01-19 12:45,2,,0
25,110990,디아이티,KOSDAQ,338310000000,기타,17900.0,25.0,20.0,5.0,6,9.0,65.0,16870.0,5.754189944134079,63.865546218487395,48.56855178050157,A,16384.5,15263.8,18039.63737015173,True,False,True,20.0,5.0,1,-595196190.0,1187265920.0,2026-01-19 12:45,2,,0
26,032940,원익,KOSDAQ,265621158000,기타,14600.0,25.0,10.0,12.0,8,9.0,64.0,13432.0,8.0,98.31932773109244,69.75600854410895,B,11227.5,8916.2,13830.43442666336,False,False,True,10.0,12.0,3,1669095880.0,-104732590.0,2026-01-19 12:45,2,,0
27,475400,씨메스,KOSDAQ,442322823600,기타,37800.0,20.0,10.0,17.0,8,9.0,64.0,34776.0,8.0,39.49579831932773,17.59250703611107,B,34032.5,32779.0,38449.34416002784,True,False,False,10.0,17.0,4,8981186600.0,-67867850.0,2026-01-19 12:45,2,,0
28,054450,텔레칩스,KOSDAQ,243064939650,기타,16050.0,25.0,10.0,17.0,5,7.0,64.0,14500.0,9.657320872274143,100.0,53.31630570649509,B,14910.0,13434.0,16306.590422406334,True,False,False,10.0,17.0,1,1542357760.0,-342225360.0,2026-01-19 12:45,2,,0
29,037460,삼지전자,KOSDAQ,274640725260,기타,16830.0,25.0,20.0,5.0,5,9.0,64.0,15720.0,6.59536541889483,100.0,61.044858135016334,A,15570.0,14141.2,16838.384350006083,True,False,True,20.0,5.0,2,86479520.0,-592113690.0,2026-01-19 12:45,2,,0
30,094820,일진파워,KOSDAQ,204316506950,기타,13550.0,24.0,20.0,12.0,3,5.0,64.0,11920.0,12.029520295202952,98.31932773109244,31.430042009157507,A,13004.0,11723.0,13937.867606929325,True,False,True,20.0,12.0,0,307295590.0,-43216310.0,2026-01-19 12:45,2,,0
31,104700,한국철강,KOSPI,367416000000,기타,10080.0,17.0,30.0,0.0,6,10.0,63.0,9680.0,3.968253968253968,10.084033613445378,19.601427773730133,R,9948.5,9985.6,10261.42624337119,True,True,True,30.0,0.0,1,-415654540.0,1586335670.0,2026-01-19 12:45,2,,0
32,171090,선익시스템,KOSDAQ,489549004800,기타,51200.0,24.0,10.0,18.0,6,5.0,63.0,44650.0,12.79296875,46.21848739495798,30.262755031099495,B,50897.5,50769.0,58211.78940056281,False,False,True,10.0,18.0,1,-1074143050.0,2896650050.0,2026-01-19 12:45,2,,0
33,290740,액트로,KOSDAQ,211868481550,기타,21050.0,25.0,10.0,15.0,4,9.0,63.0,19366.0,8.0,100.0,51.604717882219504,B,17522.5,10988.6,21557.726850558465,True,False,False,10.0,15.0,0,-3372410050.0,3882782800.0,2026-01-19 12:45,2,,0
34,274090,켄코아에어로스페이스,KOSDAQ,276882071600,기타,20950.0,25.0,10.0,12.0,8,7.0,62.0,19150.0,8.591885441527445,100.0,76.53564016562073,B,18691.0,13698.2,21718.527693509335,True,False,False,10.0,12.0,3,1410983120.0,-2546481030.0,2026-01-19 12:45,2,,0
35,033530,SJG세종,KOSPI,317437165010,기타,11410.0,23.0,10.0,15.0,5,9.0,62.0,10497.2,8.0,25.210084033613445,27.13315447987381,B,10161.0,9389.0,11139.141327440539,False,False,True,10.0,15.0,1,2616672660.0,-98800060.0,2026-01-19 12:45,2,,0
36,389500,에스비비테크,KOSDAQ,431338862400,기타,68100.0,24.0,0.0,20.0,9,9.0,62.0,62652.0,8.0,100.0,30.9672642584417,-,44217.5,36506.0,54307.11821018747,False,False,False,0.0,20.0,1,1701628200.0,4428497600.0,2026-01-19 12:45,2,,0
37,005430,한국공항,KOSPI,209929336500,기타,66300.0,20.0,20.0,10.0,2,9.0,61.0,61100.0,7.8431372549019605,9.243697478991596,14.66942994062194,A,64485.0,61718.0,66925.7319326216,True,True,False,20.0,10.0,1,-929730000.0,-270131200.0,2026-01-19 12:45,2,,0
38,045100,한양이엔지,KOSDAQ,423000000000,기타,23500.0,25.0,10.0,10.0,6,10.0,61.0,22700.0,3.404255319148936,100.0,43.688472787388015,B,22835.0,21630.0,24226.52098209201,True,False,False,10.0,10.0,2,-797981000.0,97690350.0,2026-01-19 12:45,2,,0
39,036560,KZ정밀,KOSDAQ,221287500000,기타,14050.0,15.0,10.0,20.0,6,10.0,61.0,13850.0,1.4234875444839856,9.243697478991596,44.22663677825947,B,14847.0,14741.0,15823.350993671404,False,True,False,10.0,20.0,1,-43979600.0,14110.0,2026-01-19 12:45,2,,0
40,254490,미래반도체,KOSDAQ,232163040000,기타,16080.0,23.0,10.0,12.0,5,10.0,60.0,15610.0,2.9228855721393034,41.1764705882353,58.34661776147457,B,15872.0,15584.8,17982.7975314921,False,False,True,10.0,12.0,1,13605360.0,-143783590.0,2026-01-19 12:45,2,,0
41,037710,광주신세계,KOSPI,247468609000,기타,31100.0,15.0,20.0,7.0,8,10.0,60.0,30400.0,2.2508038585209005,35.294117647058826,57.74761506026292,A,31405.0,31221.0,32360.62511488377,True,False,True,20.0,7.0,4,399674300.0,-143634650.0,2026-01-19 12:45,2,,0
42,092230,KPX홀딩스,KOSPI,300794795200,기타,71200.0,15.0,10.0,20.0,5,10.0,60.0,70200.0,1.4044943820224718,73.94957983193277,50.74968479853764,B,72715.0,72648.0,78135.83590433588,False,False,True,10.0,20.0,1,174867600.0,-155340700.0,2026-01-19 12:45,2,,0
43,042370,비츠로테크,KOSDAQ,281126268250,기타,10730.0,24.0,10.0,17.0,0,9.0,60.0,9871.6,8.0,100.0,37.618312892897116,B,9536.0,8904.6,10342.590857969659,False,False,True,10.0,17.0,0,-3035359290.0,-168292440.0,2026-01-19 12:45,2,,0
44,092870,엑시콘,KOSDAQ,210248339670,기타,16110.0,24.0,10.0,10.0,6,10.0,60.0,15540.0,3.5381750465549344,36.97478991596638,35.30763039184636,B,15765.0,15379.8,17007.69228274742,False,False,True,10.0,10.0,1,-930303520.0,1083859770.0,2026-01-19 12:45,2,,0
45,054210,이랜텍,KOSDAQ,257970342000,기타,10200.0,19.0,10.0,13.0,8,9.0,59.0,9384.0,8.0,7.563025210084033,22.100883958243873,B,8739.5,8953.6,9891.36504423562,False,True,False,10.0,13.0,4,3965202290.0,-5338650.0,2026-01-19 12:46,2,,0
46,102120,어보브반도체,KOSDAQ,210346307990,기타,11830.0,25.0,10.0,12.0,2,10.0,59.0,11490.0,2.8740490278951816,44.53781512605042,51.830457700517805,B,11706.0,11374.2,13192.95745212417,False,False,True,10.0,12.0,1,-120784920.0,-1585830.0,2026-01-19 12:45,2,,0
47,115310,인포바인,KOSDAQ,220308927000,기타,69000.0,19.0,10.0,15.0,9,5.0,58.0,59200.0,14.202898550724639,19.327731092436974,23.462969996310626,B,64180.0,68708.0,77049.2880417581,False,True,False,10.0,15.0,1,56109300.0,2394500.0,2026-01-19 12:46,2,,0
48,344820,KCC글라스,KOSPI,426412670400,기타,26700.0,14.0,30.0,0.0,5,9.0,58.0,25000.0,6.367041198501873,12.605042016806722,38.67669062252666,R,26155.0,26590.0,27765.859774826436,True,True,True,30.0,0.0,2,256386450.0,-1279258150.0,2026-01-19 12:45,2,,0
49,006110,삼아알미늄,KOSPI,353085984000,기타,24000.0,12.0,20.0,12.0,5,9.0,58.0,22500.0,6.25,0.0,15.530678567812371,A,23957.5,24189.0,26964.10211943113,False,True,True,20.0,12.0,1,421212200.0,-63414500.0,2026-01-19 12:45,2,,0
50,253590,네오셈,KOSDAQ,489141178600,기타,11150.0,25.0,10.0,10.0,4,9.0,58.0,10590.0,5.0224215246636765,42.016806722689076,48.229206147258374,B,10764.5,10576.8,12710.548483315764,False,False,True,10.0,10.0,0,-1112688100.0,220994280.0,2026-01-19 12:45,2,,0
51,060720,KH바텍,KOSDAQ,340955164800,기타,14400.0,23.0,10.0,13.0,2,9.0,57.0,13248.0,8.0,82.3529411764706,27.341787048894027,B,12129.0,11878.0,13967.910193349155,False,False,True,10.0,13.0,1,-3527072410.0,-632154240.0,2026-01-19 12:45,2,,0
52,286940,롯데이노베이트,KOSPI,338897820800,기타,22400.0,23.0,10.0,8.0,7,9.0,57.0,20608.0,8.0,46.21848739495798,44.55629704370089,B,20076.0,19856.8,21474.742783245583,False,False,True,10.0,8.0,0,121335600.0,341783850.0,2026-01-19 12:46,2,,0
53,322310,오로스테크놀로지,KOSDAQ,236036858400,기타,25200.0,25.0,10.0,10.0,5,7.0,57.0,23000.0,8.73015873015873,31.932773109243698,41.701150291148,B,24677.5,24040.0,27758.936472246,False,False,True,10.0,10.0,1,568953100.0,-1275984100.0,2026-01-19 12:45,2,,0
54,114840,아이패밀리에스씨,KOSDAQ,264994470000,기타,15300.0,13.0,20.0,10.0,5,9.0,57.0,14450.0,5.555555555555555,19.327731092436974,26.376872731524145,A,14506.5,14936.4,18165.000381493228,False,True,True,20.0,10.0,1,274023320.0,-362512790.0,2026-01-19 12:45,2,,0
55,394280,오픈엣지테크놀로지,KOSDAQ,311701851270,기타,14130.0,23.0,10.0,12.0,2,9.0,56.0,13000.0,7.9971691436659595,100.0,49.7644250825897,B,13620.0,12487.8,15066.60530071135,False,False,True,10.0,12.0,1,-608212590.0,-69866990.0,2026-01-19 12:45,2,,0
56,028100,동아지질,KOSPI,227755429020,기타,17010.0,15.0,10.0,12.0,9,10.0,56.0,16350.0,3.880070546737213,96.63865546218487,9.308986329296884,B,17042.5,16442.8,18460.73136659974,False,False,True,10.0,12.0,2,234077550.0,1005258350.0,2026-01-19 12:46,2,,0
57,199820,제일일렉트릭,KOSDAQ,223755400000,기타,10070.0,20.0,10.0,12.0,5,9.0,56.0,9340.0,7.249255213505462,35.294117647058826,51.972861501279915,B,9451.0,9491.4,11183.04670487086,False,False,True,10.0,12.0,1,23273060.0,-7865390.0,2026-01-19 12:46,2,,0
58,462350,이노스페이스,KOSDAQ,435103711900,기타,21100.0,25.0,10.0,12.0,0,9.0,56.0,19412.0,8.0,100.0,88.56045106874356,B,16755.0,13283.86,20788.21842093837,True,False,False,10.0,12.0,0,-8058615750.0,-10169773350.0,2026-01-19 12:45,2,,0
59,190510,나무가,KOSDAQ,357453317650,기타,25450.0,25.0,10.0,12.0,2,7.0,56.0,23350.0,8.25147347740668,100.0,57.98470560198405,B,21925.0,18541.8,25024.72362717407,True,False,False,10.0,12.0,1,-1963398700.0,-191956300.0,2026-01-19 12:45,2,,0
60,114190,강원에너지,KOSDAQ,365983762380,기타,14010.0,16.0,10.0,12.0,8,9.0,55.0,13010.0,7.137758743754461,16.80672268907563,31.257401273038887,B,13601.0,15018.0,18344.747795464955,False,True,False,10.0,12.0,3,97040600.0,-19648830.0,2026-01-19 12:46,2,,0
61,095500,미래나노텍,KOSDAQ,330256489350,기타,10650.0,15.0,10.0,12.0,9,9.0,55.0,10100.0,5.164319248826291,0.8403361344537815,27.318245353800904,B,10566.0,11542.4,13498.695443637649,False,True,False,10.0,12.0,1,133835850.0,31310090.0,2026-01-19 12:46,2,,0
62,322180,LS티라유텍,KOSDAQ,210265939200,기타,10050.0,25.0,10.0,10.0,5,5.0,55.0,8700.0,13.432835820895523,99.15966386554622,60.15748973334222,B,8815.5,7716.0,10048.884652675279,True,False,False,10.0,10.0,1,1859589210.0,-4135901850.0,2026-01-19 12:46,2,,0
63,051370,인터플렉스,KOSDAQ,247037928480,기타,10590.0,22.0,10.0,12.0,6,5.0,55.0,9520.0,10.103871576959396,79.83193277310924,50.84797219662645,B,10358.5,10395.2,11810.365474245204,False,False,True,10.0,12.0,1,-266547220.0,5666840.0,2026-01-19 12:46,2,,0
64,140670,알에스오토메이션,KOSDAQ,280550504000,기타,21850.0,25.0,0.0,15.0,5,9.0,54.0,20102.0,8.0,100.0,53.13083984495678,-,17546.0,14930.4,19489.17052735751,False,False,False,0.0,15.0,2,1551745280.0,-1059721800.0,2026-01-19 12:46,2,,0
65,029460,케이씨,KOSPI,371136927150,기타,28050.0,25.0,10.0,5.0,4,10.0,54.0,26900.0,4.09982174688057,31.932773109243698,50.61877659965062,B,27060.0,25995.0,28586.284659382334,True,False,False,10.0,5.0,0,-1900020300.0,2619675000.0,2026-01-19 12:46,2,,0
66,012200,계양전기,KOSPI,303806771640,기타,11160.0,23.0,10.0,12.0,0,9.0,54.0,10267.2,7.999999999999993,95.7983193277311,28.831401529374027,B,8086.5,4102.7,11102.816909128063,True,False,False,10.0,12.0,0,-1464185600.0,-2718620.0,2026-01-19 12:45,2,,0
67,270660,에브리봇,KOSDAQ,315086741400,기타,24900.0,25.0,0.0,17.0,3,9.0,54.0,22908.0,8.0,65.54621848739495,42.34635471613519,-,21526.0,20150.2,23402.666177394793,False,False,False,0.0,17.0,0,5506051350.0,-4484998750.0,2026-01-19 12:46,2,,0
68,382900,범한퓨얼셀,KOSDAQ,283418350000,기타,32350.0,21.0,0.0,17.0,6,9.0,53.0,29762.0,8.0,36.97478991596638,37.41642952119683,-,28445.0,29563.0,36019.820239107125,False,False,False,0.0,17.0,1,-288633550.0,190565400.0,2026-01-19 12:46,2,,0
69,003800,에이스침대,KOSDAQ,343235500000,기타,30950.0,15.0,10.0,12.0,6,10.0,53.0,29600.0,4.361873990306947,68.90756302521008,17.97755916603888,B,31022.5,30529.0,33189.58586520722,False,False,True,10.0,12.0,2,-5682550.0,30850.0,2026-01-19 12:46,2,,0
70,004310,현대약품,KOSPI,433600000000,기타,13550.0,25.0,0.0,12.0,7,9.0,53.0,12466.0,8.0,100.0,52.31647830550144,-,8645.5,6140.7,10756.040915050937,False,False,False,0.0,12.0,0,8590653680.0,1881670.0,2026-01-19 12:46,2,,0
71,232680,라온테크,KOSDAQ,204308014200,기타,16300.0,25.0,0.0,15.0,4,9.0,53.0,14996.0,8.0,100.0,77.0847941370154,-,13355.5,10222.0,15607.863052679477,False,False,False,0.0,15.0,0,-171512520.0,84987640.0,2026-01-19 12:46,2,,0
72,039440,에스티아이,KOSDAQ,465211410000,기타,30000.0,19.0,10.0,12.0,2,10.0,53.0,29400.0,2.0,92.43697478991596,32.30763690371686,B,31140.0,27969.0,34365.32610263412,False,False,True,10.0,12.0,1,-209534300.0,-6902671500.0,2026-01-19 12:46,2,,0
73,011500,한농화성,KOSPI,281310385580,기타,17990.0,19.0,10.0,15.0,0,9.0,53.0,16550.8,8.0,58.8235294117647,20.276607165698717,B,15332.5,15473.6,17073.25506869007,False,False,True,10.0,15.0,0,-35759380.0,-3217690.0,2026-01-19 12:45,2,,0
74,065660,안트로젠,KOSDAQ,375228750000,기타,37500.0,20.0,10.0,10.0,3,10.0,53.0,36450.0,2.8000000000000003,93.27731092436974,48.75204728257437,B,43812.5,33937.0,52198.281705498215,False,False,True,10.0,10.0,0,1561160850.0,-629367650.0,2026-01-19 12:46,2,,0
75,041920,메디아나,KOSDAQ,244938596910,기타,13170.0,25.0,10.0,12.0,0,5.0,52.0,11230.0,14.730447987851178,100.0,50.71546185528639,B,11113.0,8304.0,13717.436478469448,True,False,False,10.0,12.0,0,-5697564680.0,-958952350.0,2026-01-19 12:45,2,,0
76,134380,미원화학,KOSPI,216627898000,기타,98500.0,20.0,10.0,12.0,0,10.0,52.0,94100.0,4.467005076142132,100.0,13.46959411832611,B,95240.0,91544.0,99202.4886442967,True,False,False,10.0,12.0,0,0.0,-131560900.0,2026-01-19 12:45,2,,0
77,484810,티엑스알로보틱스,KOSDAQ,305310080400,기타,19760.0,22.0,0.0,17.0,4,9.0,52.0,18179.2,8.0,21.008403361344538,39.42146384893281,-,16528.0,15485.6,18585.34762766786,False,False,False,0.0,17.0,0,-1681021470.0,178023230.0,2026-01-19 12:46,2,,0
78,122640,예스티,KOSDAQ,364868440890,기타,17090.0,10.0,20.0,12.0,0,10.0,52.0,17000.0,0.5266237565827969,10.92436974789916,19.42281831533802,A,17906.0,17647.4,19787.54639645896,False,True,True,20.0,12.0,0,-1800967280.0,-666414800.0,2026-01-19 12:46,2,,0
79,183190,아세아시멘트,KOSPI,435746364400,기타,11800.0,7.0,20.0,12.0,2,10.0,51.0,11470.0,2.7966101694915255,11.764705882352942,34.25576407610785,A,12103.0,12096.2,12862.087151011447,False,True,True,20.0,12.0,1,-702233240.0,-177306760.0,2026-01-19 12:46,2,,0
80,079960,동양이엔피,KOSDAQ,230298000000,기타,29300.0,23.0,0.0,15.0,4,9.0,51.0,26956.0,8.0,94.11764705882354,25.241089579755048,-,26020.0,24750.0,28048.210750250953,False,False,False,0.0,15.0,0,-302819850.0,29841750.0,2026-01-19 12:46,2,,0
81,092460,한라IMS,KOSDAQ,290180172800,기타,16960.0,15.0,10.0,12.0,4,10.0,51.0,16210.0,4.422169811320755,8.403361344537815,16.294793240824713,B,17262.0,16710.8,19203.892265781906,False,True,False,10.0,12.0,0,-1222135410.0,161181360.0,2026-01-19 12:46,2,,0
82,015360,INVENI,KOSPI,376200000000,기타,66000.0,15.0,10.0,12.0,4,10.0,51.0,64100.0,2.878787878787879,47.89915966386555,18.78002258615013,B,66570.0,65488.0,70107.05874673904,False,False,True,10.0,12.0,0,-3360222700.0,54594800.0,2026-01-19 12:46,2,,0
83,002230,피에스텍,KOSDAQ,310886716600,기타,16130.0,25.0,0.0,13.0,4,9.0,51.0,14839.6,8.0,100.0,71.52730253869446,-,9946.5,6721.3,12338.532087296946,False,False,False,0.0,13.0,0,-567054780.0,148066450.0,2026-01-19 12:46,2,,0
84,080580,오킨스전자,KOSDAQ,211296912720,기타,10470.0,25.0,0.0,12.0,3,10.0,50.0,9960.0,4.871060171919771,40.33613445378151,43.59522680764444,-,10385.0,9594.6,11382.23600868348,False,False,False,0.0,12.0,0,1742331800.0,-578543820.0,2026-01-19 12:46,2,,0
85,456010,아이씨티케이,KOSDAQ,216590885320,기타,15580.0,19.0,10.0,10.0,2,9.0,50.0,14680.0,5.7766367137355585,0.8403361344537815,32.837081175678215,B,15834.5,15424.8,18785.671772905804,False,True,False,10.0,10.0,1,-122589250.0,-1626536230.0,2026-01-19 12:46,2,,0
86,005710,대원산업,KOSDAQ,260288424000,기타,12990.0,11.0,10.0,17.0,2,10.0,50.0,12350.0,4.926866820631255,61.34453781512605,33.60339388152527,B,13539.0,13594.8,15567.352760357115,False,False,True,10.0,17.0,1,-769687840.0,-573148080.0,2026-01-19 12:46,2,,0
87,104830,원익머트리얼즈,KOSDAQ,410390400000,기타,32550.0,25.0,0.0,10.0,5,10.0,50.0,31550.0,3.0721966205837172,21.84873949579832,46.03487465474899,-,32360.0,31896.0,35091.76377443766,False,False,False,0.0,10.0,1,475916850.0,-1333680100.0,2026-01-19 12:46,2,,0
88,000320,노루홀딩스,KOSPI,264626816410,기타,19910.0,5.0,20.0,10.0,5,10.0,50.0,19230.0,3.415369161225515,10.084033613445378,57.027450827683026,A,21034.5,21981.8,24820.320396664,False,True,True,20.0,10.0,1,862212050.0,-1905112940.0,2026-01-19 12:46,2,,0
89,200880,서연이화,KOSPI,451374897900,기타,16700.0,22.0,10.0,8.0,0,9.0,49.0,15364.0,8.0,100.0,23.794781891866705,B,13437.5,12835.2,14551.067305157714,False,False,True,10.0,8.0,0,-7367791000.0,-258668300.0,2026-01-19 12:46,2,,0
90,049070,인탑스,KOSDAQ,375820000000,기타,21850.0,25.0,0.0,13.0,2,9.0,49.0,20102.0,8.0,100.0,54.42538149427252,-,18503.5,16311.6,20658.47711155459,False,False,False,0.0,13.0,2,-3634207130.0,-545673750.0,2026-01-19 12:46,2,,0
91,018310,삼목에스폼,KOSDAQ,281799000000,기타,19170.0,5.0,20.0,12.0,2,10.0,49.0,18340.0,4.329681794470527,1.680672268907563,65.98581372362052,A,19507.0,19922.8,20963.835270029027,False,True,True,20.0,12.0,1,-22949780.0,-27075040.0,2026-01-19 12:46,2,,0
92,016610,DB증권,KOSPI,477946340140,기타,11260.0,19.0,10.0,10.0,0,10.0,49.0,11080.0,1.5985790408525755,32.773109243697476,30.452407382127024,B,11270.5,10735.0,11858.989920119147,False,False,True,10.0,10.0,0,-495341990.0,-236571730.0,2026-01-19 12:46,2,,0
93,368770,파이버프로,KOSDAQ,434989939000,기타,13240.0,25.0,10.0,5.0,0,9.0,49.0,12400.0,6.3444108761329305,96.63865546218487,60.34185675015807,B,12461.5,9136.8,14817.287197330654,False,False,True,10.0,5.0,0,-2891787840.0,-3174866740.0,2026-01-19 12:46,2,,0
94,000860,강남제비스코,KOSPI,221130000000,기타,17010.0,25.0,0.0,12.0,2,9.0,48.0,15649.2,8.0,100.0,67.06899116409494,-,14056.0,13003.4,15276.848141491046,False,False,False,0.0,12.0,1,-786606410.0,-3695090.0,2026-01-19 12:46,2,,0
95,452430,사피엔반도체,KOSDAQ,254759426000,기타,31000.0,14.0,10.0,10.0,4,10.0,48.0,30100.0,2.903225806451613,80.67226890756302,32.01325120920098,B,34620.0,31974.0,38596.8013475224,False,False,True,10.0,10.0,0,-1017300250.0,253217700.0,2026-01-19 12:46,2,,0
96,464080,에스오에스랩,KOSDAQ,374627586750,기타,21050.0,25.0,0.0,10.0,4,9.0,48.0,19366.0,8.0,100.0,82.18027275654681,-,16403.0,12723.8,19552.884035837316,False,False,False,0.0,10.0,0,-2561778500.0,1065449550.0,2026-01-19 12:46,2,,0
97,029530,신도리코,KOSPI,466705342700,기타,46300.0,15.0,10.0,12.0,0,10.0,47.0,45600.0,1.511879049676026,45.378151260504204,65.01037547742723,B,48182.5,47835.0,52878.77800324724,False,False,True,10.0,12.0,0,-92625050.0,-276760650.0,2026-01-19 12:46,2,,0
98,007160,사조산업,KOSPI,277000000000,기타,55400.0,20.0,0.0,17.0,0,9.0,46.0,52200.0,5.776173285198556,44.53781512605042,55.176609437698225,-,55820.0,54010.0,61196.411047346926,False,False,False,0.0,17.0,0,-18379200.0,-39586500.0,2026-01-19 12:46,2,,0
99,241770,메카로,KOSDAQ,236978880000,기타,23250.0,16.0,10.0,10.0,0,9.0,45.0,21950.0,5.591397849462366,35.294117647058826,31.140998340251677,B,23100.0,23261.0,27675.609912327862,False,False,True,10.0,10.0,0,-150597350.0,-15742650.0,2026-01-19 12:46,2,,0
100,043370,피에이치에이,KOSDAQ,270270000000,기타,12870.0,25.0,0.0,15.0,0,5.0,45.0,10990.0,14.607614607614607,74.78991596638656,56.32391817682436,-,11681.5,11540.4,12409.59234761839,False,False,False,0.0,15.0,0,-931068720.0,-14511972840.0,2026-01-19 12:46,2,,0
